nohup: ignoring input
seed 123 n25 free_scaled stage 1 epoch  1/90     10 s
seed 123 n25 free_scaled stage 1 epoch  2/90     14 s
seed 123 n25 free_scaled stage 1 epoch  3/90     20 s
seed 123 n25 free_scaled stage 1 epoch  4/90     25 s
seed 123 n25 free_scaled stage 1 epoch  5/90     29 s
seed 123 n25 free_scaled stage 1 epoch  6/90     33 s
seed 123 n25 free_scaled stage 1 epoch  7/90     38 s
seed 123 n25 free_scaled stage 1 epoch  8/90     44 s
seed 123 n25 free_scaled stage 1 epoch  9/90     49 s
seed 123 n25 free_scaled stage 1 epoch 10/90     53 s
seed 123 n25 free_scaled stage 1 epoch 11/90     59 s
seed 123 n25 free_scaled stage 1 epoch 12/90     66 s
seed 123 n25 free_scaled stage 1 epoch 13/90     72 s
seed 123 n25 free_scaled stage 1 epoch 14/90     78 s
seed 123 n25 free_scaled stage 1 epoch 15/90     82 s
seed 123 n25 free_scaled stage 1 epoch 16/90     87 s
seed 123 n25 free_scaled stage 1 epoch 17/90     92 s
seed 123 n25 free_scaled stage 1 epoch 18/90     98 s
seed 123 n25 free_scaled stage 1 epoch 19/90    105 s
seed 123 n25 free_scaled stage 1 epoch 20/90    111 s
seed 123 n25 free_scaled stage 1 epoch 21/90    116 s
seed 123 n25 free_scaled stage 1 epoch 22/90    121 s
seed 123 n25 free_scaled stage 1 epoch 23/90    129 s
seed 123 n25 free_scaled stage 1 epoch 24/90    139 s
seed 123 n25 free_scaled stage 1 epoch 25/90    150 s
seed 123 n25 free_scaled stage 1 epoch 26/90    163 s
seed 123 n25 free_scaled stage 1 epoch 27/90    173 s
seed 123 n25 free_scaled stage 1 epoch 28/90    180 s
seed 123 n25 free_scaled stage 1 epoch 29/90    186 s
seed 123 n25 free_scaled stage 1 epoch 30/90    192 s
seed 123 n25 free_scaled stage 1 epoch 31/90    197 s
seed 123 n25 free_scaled stage 1 epoch 32/90    203 s
seed 123 n25 free_scaled stage 1 epoch 33/90    209 s
seed 123 n25 free_scaled stage 1 epoch 34/90    214 s
seed 123 n25 free_scaled stage 1 epoch 35/90    219 s
seed 123 n25 free_scaled stage 1 epoch 36/90    227 s
seed 123 n25 free_scaled stage 1 epoch 37/90    231 s
seed 123 n25 free_scaled stage 1 epoch 38/90    236 s
seed 123 n25 free_scaled stage 1 epoch 39/90    241 s
seed 123 n25 free_scaled stage 1 epoch 40/90    246 s
seed 123 n25 free_scaled stage 1 epoch 41/90    252 s
seed 123 n25 free_scaled stage 1 epoch 42/90    258 s
seed 123 n25 free_scaled stage 1 epoch 43/90    264 s
seed 123 n25 free_scaled stage 1 epoch 44/90    272 s
seed 123 n25 free_scaled stage 1 epoch 45/90    278 s
seed 123 n25 free_scaled stage 1 epoch 46/90    284 s
seed 123 n25 free_scaled stage 1 epoch 47/90    289 s
seed 123 n25 free_scaled stage 1 epoch 48/90    294 s
seed 123 n25 free_scaled stage 1 epoch 49/90    299 s
seed 123 n25 free_scaled stage 1 epoch 50/90    303 s
seed 123 n25 free_scaled stage 1 epoch 51/90    308 s
seed 123 n25 free_scaled stage 1 epoch 52/90    314 s
seed 123 n25 free_scaled stage 1 epoch 53/90    321 s
seed 123 n25 free_scaled stage 1 epoch 54/90    327 s
seed 123 n25 free_scaled stage 1 epoch 55/90    333 s
seed 123 n25 free_scaled stage 1 epoch 56/90    339 s
seed 123 n25 free_scaled stage 1 epoch 57/90    345 s
seed 123 n25 free_scaled stage 1 epoch 58/90    349 s
seed 123 n25 free_scaled stage 1 epoch 59/90    356 s
seed 123 n25 free_scaled stage 1 epoch 60/90    362 s
seed 123 n25 free_scaled stage 1 epoch 61/90    367 s
seed 123 n25 free_scaled stage 1 epoch 62/90    372 s
seed 123 n25 free_scaled stage 1 epoch 63/90    377 s
seed 123 n25 free_scaled stage 1 epoch 64/90    381 s
seed 123 n25 free_scaled stage 1 epoch 65/90    386 s
seed 123 n25 free_scaled stage 1 epoch 66/90    391 s
seed 123 n25 free_scaled stage 1 epoch 67/90    396 s
seed 123 n25 free_scaled stage 1 epoch 68/90    401 s
seed 123 n25 free_scaled stage 1 epoch 69/90    406 s
seed 123 n25 free_scaled stage 1 epoch 70/90    411 s
seed 123 n25 free_scaled stage 1 epoch 71/90    418 s
seed 123 n25 free_scaled stage 1 epoch 72/90    424 s
seed 123 n25 free_scaled stage 1 epoch 73/90    429 s
seed 123 n25 free_scaled stage 1 epoch 74/90    437 s
seed 123 n25 free_scaled stage 1 epoch 75/90    445 s
seed 123 n25 free_scaled stage 1 epoch 76/90    451 s
seed 123 n25 free_scaled stage 1 epoch 77/90    457 s
seed 123 n25 free_scaled stage 1 epoch 78/90    463 s
seed 123 n25 free_scaled stage 1 epoch 79/90    468 s
seed 123 n25 free_scaled stage 1 epoch 80/90    472 s
seed 123 n25 free_scaled stage 1 epoch 81/90    477 s
seed 123 n25 free_scaled stage 1 epoch 82/90    481 s
seed 123 n25 free_scaled stage 1 epoch 83/90    485 s
seed 123 n25 free_scaled stage 1 epoch 84/90    490 s
seed 123 n25 free_scaled stage 1 epoch 85/90    495 s
seed 123 n25 free_scaled stage 1 epoch 86/90    500 s
seed 123 n25 free_scaled stage 1 epoch 87/90    504 s
seed 123 n25 free_scaled stage 1 epoch 88/90    509 s
seed 123 n25 free_scaled stage 1 epoch 89/90    514 s
seed 123 n25 free_scaled stage 1 epoch 90/90    518 s
seed 123 n25 free_scaled stage 2 epoch  1/90    520 s
seed 123 n25 free_scaled stage 2 epoch  2/90    522 s
seed 123 n25 free_scaled stage 2 epoch  3/90    524 s
seed 123 n25 free_scaled stage 2 epoch  4/90    526 s
seed 123 n25 free_scaled stage 2 epoch  5/90    528 s
seed 123 n25 free_scaled stage 2 epoch  6/90    530 s
seed 123 n25 free_scaled stage 2 epoch  7/90    532 s
seed 123 n25 free_scaled stage 2 epoch  8/90    535 s
seed 123 n25 free_scaled stage 2 epoch  9/90    537 s
seed 123 n25 free_scaled stage 2 epoch 10/90    539 s
seed 123 n25 free_scaled stage 2 epoch 11/90    542 s
seed 123 n25 free_scaled stage 2 epoch 12/90    546 s
seed 123 n25 free_scaled stage 2 epoch 13/90    548 s
seed 123 n25 free_scaled stage 2 epoch 14/90    550 s
seed 123 n25 free_scaled stage 2 epoch 15/90    553 s
seed 123 n25 free_scaled stage 2 epoch 16/90    555 s
seed 123 n25 free_scaled stage 2 epoch 17/90    558 s
seed 123 n25 free_scaled stage 2 epoch 18/90    560 s
seed 123 n25 free_scaled stage 2 epoch 19/90    563 s
seed 123 n25 free_scaled stage 2 epoch 20/90    567 s
seed 123 n25 free_scaled stage 2 epoch 21/90    571 s
seed 123 n25 free_scaled stage 2 epoch 22/90    573 s
seed 123 n25 free_scaled stage 2 epoch 23/90    575 s
seed 123 n25 free_scaled stage 2 epoch 24/90    577 s
seed 123 n25 free_scaled stage 2 epoch 25/90    579 s
seed 123 n25 free_scaled stage 2 epoch 26/90    581 s
seed 123 n25 free_scaled stage 2 epoch 27/90    584 s
seed 123 n25 free_scaled stage 2 epoch 28/90    586 s
seed 123 n25 free_scaled stage 2 epoch 29/90    588 s
seed 123 n25 free_scaled stage 2 epoch 30/90    590 s
seed 123 n25 free_scaled stage 2 epoch 31/90    592 s
seed 123 n25 free_scaled stage 2 epoch 32/90    595 s
seed 123 n25 free_scaled stage 2 epoch 33/90    597 s
seed 123 n25 free_scaled stage 2 epoch 34/90    599 s
seed 123 n25 free_scaled stage 2 epoch 35/90    601 s
seed 123 n25 free_scaled stage 2 epoch 36/90    603 s
seed 123 n25 free_scaled stage 2 epoch 37/90    605 s
seed 123 n25 free_scaled stage 2 epoch 38/90    607 s
seed 123 n25 free_scaled stage 2 epoch 39/90    610 s
seed 123 n25 free_scaled stage 2 epoch 40/90    612 s
seed 123 n25 free_scaled stage 2 epoch 41/90    614 s
seed 123 n25 free_scaled stage 2 epoch 42/90    617 s
seed 123 n25 free_scaled stage 2 epoch 43/90    620 s
seed 123 n25 free_scaled stage 2 epoch 44/90    623 s
seed 123 n25 free_scaled stage 2 epoch 45/90    625 s
seed 123 n25 free_scaled stage 2 epoch 46/90    628 s
seed 123 n25 free_scaled stage 2 epoch 47/90    632 s
seed 123 n25 free_scaled stage 2 epoch 48/90    634 s
seed 123 n25 free_scaled stage 2 epoch 49/90    636 s
seed 123 n25 free_scaled stage 2 epoch 50/90    638 s
seed 123 n25 free_scaled stage 2 epoch 51/90    640 s
seed 123 n25 free_scaled stage 2 epoch 52/90    642 s
seed 123 n25 free_scaled stage 2 epoch 53/90    644 s
seed 123 n25 free_scaled stage 2 epoch 54/90    648 s
seed 123 n25 free_scaled stage 2 epoch 55/90    651 s
seed 123 n25 free_scaled stage 2 epoch 56/90    653 s
seed 123 n25 free_scaled stage 2 epoch 57/90    656 s
seed 123 n25 free_scaled stage 2 epoch 58/90    658 s
seed 123 n25 free_scaled stage 2 epoch 59/90    660 s
seed 123 n25 free_scaled stage 2 epoch 60/90    662 s
seed 123 n25 free_scaled stage 2 epoch 61/90    664 s
seed 123 n25 free_scaled stage 2 epoch 62/90    666 s
seed 123 n25 free_scaled stage 2 epoch 63/90    668 s
seed 123 n25 free_scaled stage 2 epoch 64/90    672 s
seed 123 n25 free_scaled stage 2 epoch 65/90    674 s
seed 123 n25 free_scaled stage 2 epoch 66/90    676 s
seed 123 n25 free_scaled stage 2 epoch 67/90    680 s
seed 123 n25 free_scaled stage 2 epoch 68/90    682 s
seed 123 n25 free_scaled stage 2 epoch 69/90    684 s
seed 123 n25 free_scaled stage 2 epoch 70/90    686 s
seed 123 n25 free_scaled stage 2 epoch 71/90    688 s
seed 123 n25 free_scaled stage 2 epoch 72/90    690 s
seed 123 n25 free_scaled stage 2 epoch 73/90    692 s
seed 123 n25 free_scaled stage 2 epoch 74/90    694 s
seed 123 n25 free_scaled stage 2 epoch 75/90    696 s
seed 123 n25 free_scaled stage 2 epoch 76/90    699 s
seed 123 n25 free_scaled stage 2 epoch 77/90    702 s
seed 123 n25 free_scaled stage 2 epoch 78/90    705 s
seed 123 n25 free_scaled stage 2 epoch 79/90    707 s
seed 123 n25 free_scaled stage 2 epoch 80/90    712 s
seed 123 n25 free_scaled stage 2 epoch 81/90    715 s
seed 123 n25 free_scaled stage 2 epoch 82/90    717 s
seed 123 n25 free_scaled stage 2 epoch 83/90    720 s
seed 123 n25 free_scaled stage 2 epoch 84/90    723 s
seed 123 n25 free_scaled stage 2 epoch 85/90    726 s
seed 123 n25 free_scaled stage 2 epoch 86/90    729 s
seed 123 n25 free_scaled stage 2 epoch 87/90    731 s
seed 123 n25 free_scaled stage 2 epoch 88/90    734 s
seed 123 n25 free_scaled stage 2 epoch 89/90    736 s
seed 123 n25 free_scaled stage 2 epoch 90/90    739 s
seed 123 n25 prescribed_std stage 2 epoch  1/90      3 s
seed 123 n25 prescribed_std stage 2 epoch  2/90      6 s
seed 123 n25 prescribed_std stage 2 epoch  3/90      8 s
seed 123 n25 prescribed_std stage 2 epoch  4/90     10 s
seed 123 n25 prescribed_std stage 2 epoch  5/90     13 s
seed 123 n25 prescribed_std stage 2 epoch  6/90     17 s
seed 123 n25 prescribed_std stage 2 epoch  7/90     21 s
seed 123 n25 prescribed_std stage 2 epoch  8/90     25 s
seed 123 n25 prescribed_std stage 2 epoch  9/90     31 s
seed 123 n25 prescribed_std stage 2 epoch 10/90     36 s
seed 123 n25 prescribed_std stage 2 epoch 11/90     39 s
seed 123 n25 prescribed_std stage 2 epoch 12/90     41 s
seed 123 n25 prescribed_std stage 2 epoch 13/90     43 s
seed 123 n25 prescribed_std stage 2 epoch 14/90     45 s
seed 123 n25 prescribed_std stage 2 epoch 15/90     48 s
seed 123 n25 prescribed_std stage 2 epoch 16/90     51 s
seed 123 n25 prescribed_std stage 2 epoch 17/90     56 s
seed 123 n25 prescribed_std stage 2 epoch 18/90     60 s
seed 123 n25 prescribed_std stage 2 epoch 19/90     65 s
seed 123 n25 prescribed_std stage 2 epoch 20/90     69 s
seed 123 n25 prescribed_std stage 2 epoch 21/90     74 s
seed 123 n25 prescribed_std stage 2 epoch 22/90     78 s
seed 123 n25 prescribed_std stage 2 epoch 23/90     80 s
seed 123 n25 prescribed_std stage 2 epoch 24/90     82 s
seed 123 n25 prescribed_std stage 2 epoch 25/90     85 s
seed 123 n25 prescribed_std stage 2 epoch 26/90     87 s
seed 123 n25 prescribed_std stage 2 epoch 27/90     90 s
seed 123 n25 prescribed_std stage 2 epoch 28/90     92 s
seed 123 n25 prescribed_std stage 2 epoch 29/90     94 s
seed 123 n25 prescribed_std stage 2 epoch 30/90     96 s
seed 123 n25 prescribed_std stage 2 epoch 31/90     97 s
seed 123 n25 prescribed_std stage 2 epoch 32/90     99 s
seed 123 n25 prescribed_std stage 2 epoch 33/90    101 s
seed 123 n25 prescribed_std stage 2 epoch 34/90    103 s
seed 123 n25 prescribed_std stage 2 epoch 35/90    104 s
seed 123 n25 prescribed_std stage 2 epoch 36/90    106 s
seed 123 n25 prescribed_std stage 2 epoch 37/90    108 s
seed 123 n25 prescribed_std stage 2 epoch 38/90    110 s
seed 123 n25 prescribed_std stage 2 epoch 39/90    112 s
seed 123 n25 prescribed_std stage 2 epoch 40/90    114 s
seed 123 n25 prescribed_std stage 2 epoch 41/90    116 s
seed 123 n25 prescribed_std stage 2 epoch 42/90    118 s
seed 123 n25 prescribed_std stage 2 epoch 43/90    119 s
seed 123 n25 prescribed_std stage 2 epoch 44/90    121 s
seed 123 n25 prescribed_std stage 2 epoch 45/90    123 s
seed 123 n25 prescribed_std stage 2 epoch 46/90    125 s
seed 123 n25 prescribed_std stage 2 epoch 47/90    127 s
seed 123 n25 prescribed_std stage 2 epoch 48/90    129 s
seed 123 n25 prescribed_std stage 2 epoch 49/90    130 s
seed 123 n25 prescribed_std stage 2 epoch 50/90    132 s
seed 123 n25 prescribed_std stage 2 epoch 51/90    134 s
seed 123 n25 prescribed_std stage 2 epoch 52/90    136 s
seed 123 n25 prescribed_std stage 2 epoch 53/90    138 s
seed 123 n25 prescribed_std stage 2 epoch 54/90    139 s
seed 123 n25 prescribed_std stage 2 epoch 55/90    141 s
seed 123 n25 prescribed_std stage 2 epoch 56/90    143 s
seed 123 n25 prescribed_std stage 2 epoch 57/90    145 s
seed 123 n25 prescribed_std stage 2 epoch 58/90    146 s
seed 123 n25 prescribed_std stage 2 epoch 59/90    148 s
seed 123 n25 prescribed_std stage 2 epoch 60/90    150 s
seed 123 n25 prescribed_std stage 2 epoch 61/90    152 s
seed 123 n25 prescribed_std stage 2 epoch 62/90    153 s
seed 123 n25 prescribed_std stage 2 epoch 63/90    155 s
seed 123 n25 prescribed_std stage 2 epoch 64/90    157 s
seed 123 n25 prescribed_std stage 2 epoch 65/90    159 s
seed 123 n25 prescribed_std stage 2 epoch 66/90    160 s
seed 123 n25 prescribed_std stage 2 epoch 67/90    162 s
seed 123 n25 prescribed_std stage 2 epoch 68/90    164 s
seed 123 n25 prescribed_std stage 2 epoch 69/90    165 s
seed 123 n25 prescribed_std stage 2 epoch 70/90    167 s
seed 123 n25 prescribed_std stage 2 epoch 71/90    169 s
seed 123 n25 prescribed_std stage 2 epoch 72/90    171 s
seed 123 n25 prescribed_std stage 2 epoch 73/90    173 s
seed 123 n25 prescribed_std stage 2 epoch 74/90    177 s
seed 123 n25 prescribed_std stage 2 epoch 75/90    182 s
seed 123 n25 prescribed_std stage 2 epoch 76/90    186 s
seed 123 n25 prescribed_std stage 2 epoch 77/90    191 s
seed 123 n25 prescribed_std stage 2 epoch 78/90    196 s
seed 123 n25 prescribed_std stage 2 epoch 79/90    202 s
seed 123 n25 prescribed_std stage 2 epoch 80/90    207 s
seed 123 n25 prescribed_std stage 2 epoch 81/90    211 s
seed 123 n25 prescribed_std stage 2 epoch 82/90    218 s
seed 123 n25 prescribed_std stage 2 epoch 83/90    222 s
seed 123 n25 prescribed_std stage 2 epoch 84/90    225 s
seed 123 n25 prescribed_std stage 2 epoch 85/90    228 s
seed 123 n25 prescribed_std stage 2 epoch 86/90    231 s
seed 123 n25 prescribed_std stage 2 epoch 87/90    233 s
seed 123 n25 prescribed_std stage 2 epoch 88/90    237 s
seed 123 n25 prescribed_std stage 2 epoch 89/90    240 s
seed 123 n25 prescribed_std stage 2 epoch 90/90    243 s
seed 123 n50 free_scaled stage 1 epoch  1/90     13 s
seed 123 n50 free_scaled stage 1 epoch  2/90     24 s
seed 123 n50 free_scaled stage 1 epoch  3/90     36 s
seed 123 n50 free_scaled stage 1 epoch  4/90     49 s
seed 123 n50 free_scaled stage 1 epoch  5/90     59 s
seed 123 n50 free_scaled stage 1 epoch  6/90     69 s
seed 123 n50 free_scaled stage 1 epoch  7/90     81 s
seed 123 n50 free_scaled stage 1 epoch  8/90     93 s
seed 123 n50 free_scaled stage 1 epoch  9/90    106 s
seed 123 n50 free_scaled stage 1 epoch 10/90    119 s
seed 123 n50 free_scaled stage 1 epoch 11/90    133 s
seed 123 n50 free_scaled stage 1 epoch 12/90    144 s
seed 123 n50 free_scaled stage 1 epoch 13/90    158 s
seed 123 n50 free_scaled stage 1 epoch 14/90    167 s
seed 123 n50 free_scaled stage 1 epoch 15/90    181 s
seed 123 n50 free_scaled stage 1 epoch 16/90    190 s
seed 123 n50 free_scaled stage 1 epoch 17/90    201 s
seed 123 n50 free_scaled stage 1 epoch 18/90    212 s
seed 123 n50 free_scaled stage 1 epoch 19/90    226 s
seed 123 n50 free_scaled stage 1 epoch 20/90    241 s
seed 123 n50 free_scaled stage 1 epoch 21/90    253 s
seed 123 n50 free_scaled stage 1 epoch 22/90    264 s
seed 123 n50 free_scaled stage 1 epoch 23/90    278 s
seed 123 n50 free_scaled stage 1 epoch 24/90    291 s
seed 123 n50 free_scaled stage 1 epoch 25/90    303 s
seed 123 n50 free_scaled stage 1 epoch 26/90    313 s
seed 123 n50 free_scaled stage 1 epoch 27/90    323 s
seed 123 n50 free_scaled stage 1 epoch 28/90    334 s
seed 123 n50 free_scaled stage 1 epoch 29/90    343 s
seed 123 n50 free_scaled stage 1 epoch 30/90    352 s
seed 123 n50 free_scaled stage 1 epoch 31/90    363 s
seed 123 n50 free_scaled stage 1 epoch 32/90    373 s
seed 123 n50 free_scaled stage 1 epoch 33/90    386 s
seed 123 n50 free_scaled stage 1 epoch 34/90    403 s
seed 123 n50 free_scaled stage 1 epoch 35/90    421 s
seed 123 n50 free_scaled stage 1 epoch 36/90    438 s
seed 123 n50 free_scaled stage 1 epoch 37/90    464 s
seed 123 n50 free_scaled stage 1 epoch 38/90    486 s
seed 123 n50 free_scaled stage 1 epoch 39/90    502 s
seed 123 n50 free_scaled stage 1 epoch 40/90    513 s
seed 123 n50 free_scaled stage 1 epoch 41/90    523 s
seed 123 n50 free_scaled stage 1 epoch 42/90    537 s
seed 123 n50 free_scaled stage 1 epoch 43/90    547 s
seed 123 n50 free_scaled stage 1 epoch 44/90    557 s
seed 123 n50 free_scaled stage 1 epoch 45/90    569 s
seed 123 n50 free_scaled stage 1 epoch 46/90    584 s
seed 123 n50 free_scaled stage 1 epoch 47/90    597 s
seed 123 n50 free_scaled stage 1 epoch 48/90    610 s
seed 123 n50 free_scaled stage 1 epoch 49/90    623 s
seed 123 n50 free_scaled stage 1 epoch 50/90    638 s
seed 123 n50 free_scaled stage 1 epoch 51/90    648 s
seed 123 n50 free_scaled stage 1 epoch 52/90    660 s
seed 123 n50 free_scaled stage 1 epoch 53/90    671 s
seed 123 n50 free_scaled stage 1 epoch 54/90    683 s
seed 123 n50 free_scaled stage 1 epoch 55/90    692 s
seed 123 n50 free_scaled stage 1 epoch 56/90    703 s
seed 123 n50 free_scaled stage 1 epoch 57/90    713 s
seed 123 n50 free_scaled stage 1 epoch 58/90    723 s
seed 123 n50 free_scaled stage 1 epoch 59/90    733 s
seed 123 n50 free_scaled stage 1 epoch 60/90    745 s
seed 123 n50 free_scaled stage 1 epoch 61/90    760 s
seed 123 n50 free_scaled stage 1 epoch 62/90    771 s
seed 123 n50 free_scaled stage 1 epoch 63/90    780 s
seed 123 n50 free_scaled stage 1 epoch 64/90    790 s
seed 123 n50 free_scaled stage 1 epoch 65/90    800 s
seed 123 n50 free_scaled stage 1 epoch 66/90    810 s
seed 123 n50 free_scaled stage 1 epoch 67/90    821 s
seed 123 n50 free_scaled stage 1 epoch 68/90    832 s
seed 123 n50 free_scaled stage 1 epoch 69/90    842 s
seed 123 n50 free_scaled stage 1 epoch 70/90    853 s
seed 123 n50 free_scaled stage 1 epoch 71/90    868 s
seed 123 n50 free_scaled stage 1 epoch 72/90    879 s
seed 123 n50 free_scaled stage 1 epoch 73/90    892 s
seed 123 n50 free_scaled stage 1 epoch 74/90    903 s
seed 123 n50 free_scaled stage 1 epoch 75/90    917 s
seed 123 n50 free_scaled stage 1 epoch 76/90    930 s
seed 123 n50 free_scaled stage 1 epoch 77/90    940 s
seed 123 n50 free_scaled stage 1 epoch 78/90    949 s
seed 123 n50 free_scaled stage 1 epoch 79/90    959 s
seed 123 n50 free_scaled stage 1 epoch 80/90    970 s
seed 123 n50 free_scaled stage 1 epoch 81/90    980 s
seed 123 n50 free_scaled stage 1 epoch 82/90    991 s
seed 123 n50 free_scaled stage 1 epoch 83/90   1007 s
seed 123 n50 free_scaled stage 1 epoch 84/90   1017 s
seed 123 n50 free_scaled stage 1 epoch 85/90   1027 s
seed 123 n50 free_scaled stage 1 epoch 86/90   1038 s
seed 123 n50 free_scaled stage 1 epoch 87/90   1050 s
seed 123 n50 free_scaled stage 1 epoch 88/90   1061 s
seed 123 n50 free_scaled stage 1 epoch 89/90   1071 s
seed 123 n50 free_scaled stage 1 epoch 90/90   1083 s
seed 123 n50 free_scaled stage 2 epoch  1/90   1088 s
seed 123 n50 free_scaled stage 2 epoch  2/90   1092 s
seed 123 n50 free_scaled stage 2 epoch  3/90   1096 s
seed 123 n50 free_scaled stage 2 epoch  4/90   1102 s
seed 123 n50 free_scaled stage 2 epoch  5/90   1107 s
seed 123 n50 free_scaled stage 2 epoch  6/90   1111 s
seed 123 n50 free_scaled stage 2 epoch  7/90   1115 s
seed 123 n50 free_scaled stage 2 epoch  8/90   1118 s
seed 123 n50 free_scaled stage 2 epoch  9/90   1122 s
seed 123 n50 free_scaled stage 2 epoch 10/90   1126 s
seed 123 n50 free_scaled stage 2 epoch 11/90   1130 s
seed 123 n50 free_scaled stage 2 epoch 12/90   1134 s
seed 123 n50 free_scaled stage 2 epoch 13/90   1138 s
seed 123 n50 free_scaled stage 2 epoch 14/90   1142 s
seed 123 n50 free_scaled stage 2 epoch 15/90   1145 s
seed 123 n50 free_scaled stage 2 epoch 16/90   1149 s
seed 123 n50 free_scaled stage 2 epoch 17/90   1153 s
seed 123 n50 free_scaled stage 2 epoch 18/90   1156 s
seed 123 n50 free_scaled stage 2 epoch 19/90   1160 s
seed 123 n50 free_scaled stage 2 epoch 20/90   1164 s
seed 123 n50 free_scaled stage 2 epoch 21/90   1168 s
seed 123 n50 free_scaled stage 2 epoch 22/90   1171 s
seed 123 n50 free_scaled stage 2 epoch 23/90   1175 s
seed 123 n50 free_scaled stage 2 epoch 24/90   1179 s
seed 123 n50 free_scaled stage 2 epoch 25/90   1183 s
seed 123 n50 free_scaled stage 2 epoch 26/90   1187 s
seed 123 n50 free_scaled stage 2 epoch 27/90   1190 s
seed 123 n50 free_scaled stage 2 epoch 28/90   1194 s
seed 123 n50 free_scaled stage 2 epoch 29/90   1198 s
seed 123 n50 free_scaled stage 2 epoch 30/90   1202 s
seed 123 n50 free_scaled stage 2 epoch 31/90   1205 s
seed 123 n50 free_scaled stage 2 epoch 32/90   1209 s
seed 123 n50 free_scaled stage 2 epoch 33/90   1212 s
seed 123 n50 free_scaled stage 2 epoch 34/90   1216 s
seed 123 n50 free_scaled stage 2 epoch 35/90   1220 s
seed 123 n50 free_scaled stage 2 epoch 36/90   1224 s
seed 123 n50 free_scaled stage 2 epoch 37/90   1227 s
seed 123 n50 free_scaled stage 2 epoch 38/90   1231 s
seed 123 n50 free_scaled stage 2 epoch 39/90   1235 s
seed 123 n50 free_scaled stage 2 epoch 40/90   1238 s
seed 123 n50 free_scaled stage 2 epoch 41/90   1242 s
seed 123 n50 free_scaled stage 2 epoch 42/90   1245 s
seed 123 n50 free_scaled stage 2 epoch 43/90   1249 s
seed 123 n50 free_scaled stage 2 epoch 44/90   1253 s
seed 123 n50 free_scaled stage 2 epoch 45/90   1257 s
seed 123 n50 free_scaled stage 2 epoch 46/90   1260 s
seed 123 n50 free_scaled stage 2 epoch 47/90   1264 s
seed 123 n50 free_scaled stage 2 epoch 48/90   1268 s
seed 123 n50 free_scaled stage 2 epoch 49/90   1271 s
seed 123 n50 free_scaled stage 2 epoch 50/90   1275 s
seed 123 n50 free_scaled stage 2 epoch 51/90   1279 s
seed 123 n50 free_scaled stage 2 epoch 52/90   1282 s
seed 123 n50 free_scaled stage 2 epoch 53/90   1286 s
seed 123 n50 free_scaled stage 2 epoch 54/90   1290 s
seed 123 n50 free_scaled stage 2 epoch 55/90   1294 s
seed 123 n50 free_scaled stage 2 epoch 56/90   1297 s
seed 123 n50 free_scaled stage 2 epoch 57/90   1301 s
seed 123 n50 free_scaled stage 2 epoch 58/90   1305 s
seed 123 n50 free_scaled stage 2 epoch 59/90   1308 s
seed 123 n50 free_scaled stage 2 epoch 60/90   1312 s
seed 123 n50 free_scaled stage 2 epoch 61/90   1316 s
seed 123 n50 free_scaled stage 2 epoch 62/90   1320 s
seed 123 n50 free_scaled stage 2 epoch 63/90   1323 s
seed 123 n50 free_scaled stage 2 epoch 64/90   1327 s
seed 123 n50 free_scaled stage 2 epoch 65/90   1331 s
seed 123 n50 free_scaled stage 2 epoch 66/90   1334 s
seed 123 n50 free_scaled stage 2 epoch 67/90   1338 s
seed 123 n50 free_scaled stage 2 epoch 68/90   1342 s
seed 123 n50 free_scaled stage 2 epoch 69/90   1346 s
seed 123 n50 free_scaled stage 2 epoch 70/90   1350 s
seed 123 n50 free_scaled stage 2 epoch 71/90   1354 s
seed 123 n50 free_scaled stage 2 epoch 72/90   1357 s
seed 123 n50 free_scaled stage 2 epoch 73/90   1361 s
seed 123 n50 free_scaled stage 2 epoch 74/90   1365 s
seed 123 n50 free_scaled stage 2 epoch 75/90   1368 s
seed 123 n50 free_scaled stage 2 epoch 76/90   1372 s
seed 123 n50 free_scaled stage 2 epoch 77/90   1376 s
seed 123 n50 free_scaled stage 2 epoch 78/90   1380 s
seed 123 n50 free_scaled stage 2 epoch 79/90   1384 s
seed 123 n50 free_scaled stage 2 epoch 80/90   1388 s
seed 123 n50 free_scaled stage 2 epoch 81/90   1392 s
seed 123 n50 free_scaled stage 2 epoch 82/90   1396 s
seed 123 n50 free_scaled stage 2 epoch 83/90   1400 s
seed 123 n50 free_scaled stage 2 epoch 84/90   1403 s
seed 123 n50 free_scaled stage 2 epoch 85/90   1407 s
seed 123 n50 free_scaled stage 2 epoch 86/90   1411 s
seed 123 n50 free_scaled stage 2 epoch 87/90   1415 s
seed 123 n50 free_scaled stage 2 epoch 88/90   1418 s
seed 123 n50 free_scaled stage 2 epoch 89/90   1423 s
seed 123 n50 free_scaled stage 2 epoch 90/90   1426 s
seed 123 n50 prescribed_std stage 2 epoch  1/90      4 s
seed 123 n50 prescribed_std stage 2 epoch  2/90      7 s
seed 123 n50 prescribed_std stage 2 epoch  3/90     11 s
seed 123 n50 prescribed_std stage 2 epoch  4/90     15 s
seed 123 n50 prescribed_std stage 2 epoch  5/90     19 s
seed 123 n50 prescribed_std stage 2 epoch  6/90     22 s
seed 123 n50 prescribed_std stage 2 epoch  7/90     26 s
seed 123 n50 prescribed_std stage 2 epoch  8/90     31 s
seed 123 n50 prescribed_std stage 2 epoch  9/90     35 s
seed 123 n50 prescribed_std stage 2 epoch 10/90     39 s
seed 123 n50 prescribed_std stage 2 epoch 11/90     44 s
seed 123 n50 prescribed_std stage 2 epoch 12/90     50 s
seed 123 n50 prescribed_std stage 2 epoch 13/90     54 s
seed 123 n50 prescribed_std stage 2 epoch 14/90     59 s
seed 123 n50 prescribed_std stage 2 epoch 15/90     63 s
seed 123 n50 prescribed_std stage 2 epoch 16/90     67 s
seed 123 n50 prescribed_std stage 2 epoch 17/90     72 s
seed 123 n50 prescribed_std stage 2 epoch 18/90     78 s
seed 123 n50 prescribed_std stage 2 epoch 19/90     82 s
seed 123 n50 prescribed_std stage 2 epoch 20/90     87 s
seed 123 n50 prescribed_std stage 2 epoch 21/90     92 s
seed 123 n50 prescribed_std stage 2 epoch 22/90     98 s
seed 123 n50 prescribed_std stage 2 epoch 23/90    105 s
seed 123 n50 prescribed_std stage 2 epoch 24/90    110 s
seed 123 n50 prescribed_std stage 2 epoch 25/90    118 s
seed 123 n50 prescribed_std stage 2 epoch 26/90    124 s
seed 123 n50 prescribed_std stage 2 epoch 27/90    132 s
seed 123 n50 prescribed_std stage 2 epoch 28/90    138 s
seed 123 n50 prescribed_std stage 2 epoch 29/90    144 s
seed 123 n50 prescribed_std stage 2 epoch 30/90    150 s
seed 123 n50 prescribed_std stage 2 epoch 31/90    155 s
seed 123 n50 prescribed_std stage 2 epoch 32/90    161 s
seed 123 n50 prescribed_std stage 2 epoch 33/90    165 s
seed 123 n50 prescribed_std stage 2 epoch 34/90    170 s
seed 123 n50 prescribed_std stage 2 epoch 35/90    175 s
seed 123 n50 prescribed_std stage 2 epoch 36/90    179 s
seed 123 n50 prescribed_std stage 2 epoch 37/90    183 s
seed 123 n50 prescribed_std stage 2 epoch 38/90    188 s
seed 123 n50 prescribed_std stage 2 epoch 39/90    193 s
seed 123 n50 prescribed_std stage 2 epoch 40/90    198 s
seed 123 n50 prescribed_std stage 2 epoch 41/90    201 s
seed 123 n50 prescribed_std stage 2 epoch 42/90    206 s
seed 123 n50 prescribed_std stage 2 epoch 43/90    211 s
seed 123 n50 prescribed_std stage 2 epoch 44/90    216 s
seed 123 n50 prescribed_std stage 2 epoch 45/90    221 s
seed 123 n50 prescribed_std stage 2 epoch 46/90    226 s
seed 123 n50 prescribed_std stage 2 epoch 47/90    229 s
seed 123 n50 prescribed_std stage 2 epoch 48/90    233 s
seed 123 n50 prescribed_std stage 2 epoch 49/90    237 s
seed 123 n50 prescribed_std stage 2 epoch 50/90    240 s
seed 123 n50 prescribed_std stage 2 epoch 51/90    244 s
seed 123 n50 prescribed_std stage 2 epoch 52/90    248 s
seed 123 n50 prescribed_std stage 2 epoch 53/90    252 s
seed 123 n50 prescribed_std stage 2 epoch 54/90    255 s
seed 123 n50 prescribed_std stage 2 epoch 55/90    259 s
seed 123 n50 prescribed_std stage 2 epoch 56/90    262 s
seed 123 n50 prescribed_std stage 2 epoch 57/90    266 s
seed 123 n50 prescribed_std stage 2 epoch 58/90    270 s
seed 123 n50 prescribed_std stage 2 epoch 59/90    275 s
seed 123 n50 prescribed_std stage 2 epoch 60/90    278 s
seed 123 n50 prescribed_std stage 2 epoch 61/90    282 s
seed 123 n50 prescribed_std stage 2 epoch 62/90    285 s
seed 123 n50 prescribed_std stage 2 epoch 63/90    289 s
seed 123 n50 prescribed_std stage 2 epoch 64/90    292 s
seed 123 n50 prescribed_std stage 2 epoch 65/90    296 s
seed 123 n50 prescribed_std stage 2 epoch 66/90    299 s
seed 123 n50 prescribed_std stage 2 epoch 67/90    305 s
seed 123 n50 prescribed_std stage 2 epoch 68/90    310 s
seed 123 n50 prescribed_std stage 2 epoch 69/90    315 s
seed 123 n50 prescribed_std stage 2 epoch 70/90    319 s
seed 123 n50 prescribed_std stage 2 epoch 71/90    325 s
seed 123 n50 prescribed_std stage 2 epoch 72/90    329 s
seed 123 n50 prescribed_std stage 2 epoch 73/90    333 s
seed 123 n50 prescribed_std stage 2 epoch 74/90    337 s
seed 123 n50 prescribed_std stage 2 epoch 75/90    344 s
seed 123 n50 prescribed_std stage 2 epoch 76/90    348 s
seed 123 n50 prescribed_std stage 2 epoch 77/90    353 s
seed 123 n50 prescribed_std stage 2 epoch 78/90    357 s
seed 123 n50 prescribed_std stage 2 epoch 79/90    360 s
seed 123 n50 prescribed_std stage 2 epoch 80/90    364 s
seed 123 n50 prescribed_std stage 2 epoch 81/90    368 s
seed 123 n50 prescribed_std stage 2 epoch 82/90    371 s
seed 123 n50 prescribed_std stage 2 epoch 83/90    375 s
seed 123 n50 prescribed_std stage 2 epoch 84/90    379 s
seed 123 n50 prescribed_std stage 2 epoch 85/90    383 s
seed 123 n50 prescribed_std stage 2 epoch 86/90    387 s
seed 123 n50 prescribed_std stage 2 epoch 87/90    391 s
seed 123 n50 prescribed_std stage 2 epoch 88/90    394 s
seed 123 n50 prescribed_std stage 2 epoch 89/90    398 s
seed 123 n50 prescribed_std stage 2 epoch 90/90    402 s
seed 123 n200 prescribed_std stage 2 epoch  1/90     15 s
seed 123 n200 prescribed_std stage 2 epoch  2/90     30 s
seed 123 n200 prescribed_std stage 2 epoch  3/90     46 s
seed 123 n200 prescribed_std stage 2 epoch  4/90     63 s
seed 123 n200 prescribed_std stage 2 epoch  5/90     81 s
seed 123 n200 prescribed_std stage 2 epoch  6/90     98 s
seed 123 n200 prescribed_std stage 2 epoch  7/90    116 s
seed 123 n200 prescribed_std stage 2 epoch  8/90    133 s
seed 123 n200 prescribed_std stage 2 epoch  9/90    151 s
seed 123 n200 prescribed_std stage 2 epoch 10/90    168 s
seed 123 n200 prescribed_std stage 2 epoch 11/90    186 s
seed 123 n200 prescribed_std stage 2 epoch 12/90    203 s
seed 123 n200 prescribed_std stage 2 epoch 13/90    219 s
seed 123 n200 prescribed_std stage 2 epoch 14/90    235 s
seed 123 n200 prescribed_std stage 2 epoch 15/90    253 s
seed 123 n200 prescribed_std stage 2 epoch 16/90    271 s
seed 123 n200 prescribed_std stage 2 epoch 17/90    287 s
seed 123 n200 prescribed_std stage 2 epoch 18/90    303 s
seed 123 n200 prescribed_std stage 2 epoch 19/90    320 s
seed 123 n200 prescribed_std stage 2 epoch 20/90    338 s
seed 123 n200 prescribed_std stage 2 epoch 21/90    354 s
seed 123 n200 prescribed_std stage 2 epoch 22/90    374 s
seed 123 n200 prescribed_std stage 2 epoch 23/90    391 s
seed 123 n200 prescribed_std stage 2 epoch 24/90    407 s
seed 123 n200 prescribed_std stage 2 epoch 25/90    422 s
seed 123 n200 prescribed_std stage 2 epoch 26/90    439 s
seed 123 n200 prescribed_std stage 2 epoch 27/90    454 s
seed 123 n200 prescribed_std stage 2 epoch 28/90    470 s
seed 123 n200 prescribed_std stage 2 epoch 29/90    488 s
seed 123 n200 prescribed_std stage 2 epoch 30/90    505 s
seed 123 n200 prescribed_std stage 2 epoch 31/90    523 s
seed 123 n200 prescribed_std stage 2 epoch 32/90    538 s
seed 123 n200 prescribed_std stage 2 epoch 33/90    555 s
seed 123 n200 prescribed_std stage 2 epoch 34/90    573 s
seed 123 n200 prescribed_std stage 2 epoch 35/90    590 s
seed 123 n200 prescribed_std stage 2 epoch 36/90    607 s
seed 123 n200 prescribed_std stage 2 epoch 37/90    625 s
seed 123 n200 prescribed_std stage 2 epoch 38/90    643 s
seed 123 n200 prescribed_std stage 2 epoch 39/90    660 s
seed 123 n200 prescribed_std stage 2 epoch 40/90    678 s
seed 123 n200 prescribed_std stage 2 epoch 41/90    697 s
seed 123 n200 prescribed_std stage 2 epoch 42/90    712 s
seed 123 n200 prescribed_std stage 2 epoch 43/90    730 s
seed 123 n200 prescribed_std stage 2 epoch 44/90    753 s
seed 123 n200 prescribed_std stage 2 epoch 45/90    772 s
seed 123 n200 prescribed_std stage 2 epoch 46/90    788 s
seed 123 n200 prescribed_std stage 2 epoch 47/90    807 s
seed 123 n200 prescribed_std stage 2 epoch 48/90    826 s
seed 123 n200 prescribed_std stage 2 epoch 49/90    843 s
seed 123 n200 prescribed_std stage 2 epoch 50/90    862 s
seed 123 n200 prescribed_std stage 2 epoch 51/90    880 s
seed 123 n200 prescribed_std stage 2 epoch 52/90    901 s
seed 123 n200 prescribed_std stage 2 epoch 53/90    917 s
seed 123 n200 prescribed_std stage 2 epoch 54/90    934 s
seed 123 n200 prescribed_std stage 2 epoch 55/90    948 s
seed 123 n200 prescribed_std stage 2 epoch 56/90    963 s
seed 123 n200 prescribed_std stage 2 epoch 57/90    983 s
seed 123 n200 prescribed_std stage 2 epoch 58/90   1001 s
seed 123 n200 prescribed_std stage 2 epoch 59/90   1017 s
seed 123 n200 prescribed_std stage 2 epoch 60/90   1033 s
seed 123 n200 prescribed_std stage 2 epoch 61/90   1049 s
seed 123 n200 prescribed_std stage 2 epoch 62/90   1070 s
seed 123 n200 prescribed_std stage 2 epoch 63/90   1087 s
seed 123 n200 prescribed_std stage 2 epoch 64/90   1103 s
seed 123 n200 prescribed_std stage 2 epoch 65/90   1125 s
seed 123 n200 prescribed_std stage 2 epoch 66/90   1144 s
seed 123 n200 prescribed_std stage 2 epoch 67/90   1164 s
seed 123 n200 prescribed_std stage 2 epoch 68/90   1182 s
seed 123 n200 prescribed_std stage 2 epoch 69/90   1202 s
seed 123 n200 prescribed_std stage 2 epoch 70/90   1219 s
seed 123 n200 prescribed_std stage 2 epoch 71/90   1238 s
seed 123 n200 prescribed_std stage 2 epoch 72/90   1258 s
seed 123 n200 prescribed_std stage 2 epoch 73/90   1274 s
seed 123 n200 prescribed_std stage 2 epoch 74/90   1295 s
seed 123 n200 prescribed_std stage 2 epoch 75/90   1313 s
seed 123 n200 prescribed_std stage 2 epoch 76/90   1333 s
seed 123 n200 prescribed_std stage 2 epoch 77/90   1357 s
seed 123 n200 prescribed_std stage 2 epoch 78/90   1376 s
seed 123 n200 prescribed_std stage 2 epoch 79/90   1392 s
seed 123 n200 prescribed_std stage 2 epoch 80/90   1409 s
seed 123 n200 prescribed_std stage 2 epoch 81/90   1426 s
seed 123 n200 prescribed_std stage 2 epoch 82/90   1441 s
seed 123 n200 prescribed_std stage 2 epoch 83/90   1458 s
seed 123 n200 prescribed_std stage 2 epoch 84/90   1482 s
seed 123 n200 prescribed_std stage 2 epoch 85/90   1499 s
seed 123 n200 prescribed_std stage 2 epoch 86/90   1515 s
seed 123 n200 prescribed_std stage 2 epoch 87/90   1533 s
seed 123 n200 prescribed_std stage 2 epoch 88/90   1548 s
seed 123 n200 prescribed_std stage 2 epoch 89/90   1572 s
seed 123 n200 prescribed_std stage 2 epoch 90/90   1598 s
seed 123: written
seed 1002 n25 free_scaled stage 1 epoch  1/90      6 s
seed 1002 n25 free_scaled stage 1 epoch  2/90     13 s
seed 1002 n25 free_scaled stage 1 epoch  3/90     19 s
seed 1002 n25 free_scaled stage 1 epoch  4/90     24 s
seed 1002 n25 free_scaled stage 1 epoch  5/90     30 s
seed 1002 n25 free_scaled stage 1 epoch  6/90     40 s
seed 1002 n25 free_scaled stage 1 epoch  7/90     51 s
seed 1002 n25 free_scaled stage 1 epoch  8/90     60 s
seed 1002 n25 free_scaled stage 1 epoch  9/90     67 s
seed 1002 n25 free_scaled stage 1 epoch 10/90     77 s
seed 1002 n25 free_scaled stage 1 epoch 11/90     87 s
seed 1002 n25 free_scaled stage 1 epoch 12/90     93 s
seed 1002 n25 free_scaled stage 1 epoch 13/90     99 s
seed 1002 n25 free_scaled stage 1 epoch 14/90    105 s
seed 1002 n25 free_scaled stage 1 epoch 15/90    110 s
seed 1002 n25 free_scaled stage 1 epoch 16/90    115 s
seed 1002 n25 free_scaled stage 1 epoch 17/90    121 s
seed 1002 n25 free_scaled stage 1 epoch 18/90    127 s
seed 1002 n25 free_scaled stage 1 epoch 19/90    134 s
seed 1002 n25 free_scaled stage 1 epoch 20/90    144 s
seed 1002 n25 free_scaled stage 1 epoch 21/90    155 s
seed 1002 n25 free_scaled stage 1 epoch 22/90    165 s
seed 1002 n25 free_scaled stage 1 epoch 23/90    170 s
seed 1002 n25 free_scaled stage 1 epoch 24/90    178 s
seed 1002 n25 free_scaled stage 1 epoch 25/90    186 s
seed 1002 n25 free_scaled stage 1 epoch 26/90    191 s
seed 1002 n25 free_scaled stage 1 epoch 27/90    197 s
seed 1002 n25 free_scaled stage 1 epoch 28/90    203 s
seed 1002 n25 free_scaled stage 1 epoch 29/90    209 s
seed 1002 n25 free_scaled stage 1 epoch 30/90    214 s
seed 1002 n25 free_scaled stage 1 epoch 31/90    220 s
seed 1002 n25 free_scaled stage 1 epoch 32/90    226 s
seed 1002 n25 free_scaled stage 1 epoch 33/90    232 s
seed 1002 n25 free_scaled stage 1 epoch 34/90    237 s
seed 1002 n25 free_scaled stage 1 epoch 35/90    245 s
seed 1002 n25 free_scaled stage 1 epoch 36/90    251 s
seed 1002 n25 free_scaled stage 1 epoch 37/90    257 s
seed 1002 n25 free_scaled stage 1 epoch 38/90    262 s
seed 1002 n25 free_scaled stage 1 epoch 39/90    268 s
seed 1002 n25 free_scaled stage 1 epoch 40/90    274 s
seed 1002 n25 free_scaled stage 1 epoch 41/90    279 s
seed 1002 n25 free_scaled stage 1 epoch 42/90    284 s
seed 1002 n25 free_scaled stage 1 epoch 43/90    289 s
seed 1002 n25 free_scaled stage 1 epoch 44/90    294 s
seed 1002 n25 free_scaled stage 1 epoch 45/90    301 s
seed 1002 n25 free_scaled stage 1 epoch 46/90    306 s
seed 1002 n25 free_scaled stage 1 epoch 47/90    311 s
seed 1002 n25 free_scaled stage 1 epoch 48/90    320 s
seed 1002 n25 free_scaled stage 1 epoch 49/90    329 s
seed 1002 n25 free_scaled stage 1 epoch 50/90    333 s
seed 1002 n25 free_scaled stage 1 epoch 51/90    338 s
seed 1002 n25 free_scaled stage 1 epoch 52/90    344 s
seed 1002 n25 free_scaled stage 1 epoch 53/90    349 s
seed 1002 n25 free_scaled stage 1 epoch 54/90    356 s
seed 1002 n25 free_scaled stage 1 epoch 55/90    361 s
seed 1002 n25 free_scaled stage 1 epoch 56/90    366 s
seed 1002 n25 free_scaled stage 1 epoch 57/90    370 s
seed 1002 n25 free_scaled stage 1 epoch 58/90    375 s
seed 1002 n25 free_scaled stage 1 epoch 59/90    380 s
seed 1002 n25 free_scaled stage 1 epoch 60/90    385 s
seed 1002 n25 free_scaled stage 1 epoch 61/90    390 s
seed 1002 n25 free_scaled stage 1 epoch 62/90    398 s
seed 1002 n25 free_scaled stage 1 epoch 63/90    408 s
seed 1002 n25 free_scaled stage 1 epoch 64/90    415 s
seed 1002 n25 free_scaled stage 1 epoch 65/90    423 s
seed 1002 n25 free_scaled stage 1 epoch 66/90    433 s
seed 1002 n25 free_scaled stage 1 epoch 67/90    442 s
seed 1002 n25 free_scaled stage 1 epoch 68/90    451 s
seed 1002 n25 free_scaled stage 1 epoch 69/90    459 s
seed 1002 n25 free_scaled stage 1 epoch 70/90    474 s
seed 1002 n25 free_scaled stage 1 epoch 71/90    488 s
seed 1002 n25 free_scaled stage 1 epoch 72/90    500 s
seed 1002 n25 free_scaled stage 1 epoch 73/90    510 s
seed 1002 n25 free_scaled stage 1 epoch 74/90    516 s
seed 1002 n25 free_scaled stage 1 epoch 75/90    522 s
seed 1002 n25 free_scaled stage 1 epoch 76/90    529 s
seed 1002 n25 free_scaled stage 1 epoch 77/90    536 s
seed 1002 n25 free_scaled stage 1 epoch 78/90    542 s
seed 1002 n25 free_scaled stage 1 epoch 79/90    547 s
seed 1002 n25 free_scaled stage 1 epoch 80/90    552 s
seed 1002 n25 free_scaled stage 1 epoch 81/90    558 s
seed 1002 n25 free_scaled stage 1 epoch 82/90    563 s
seed 1002 n25 free_scaled stage 1 epoch 83/90    568 s
seed 1002 n25 free_scaled stage 1 epoch 84/90    573 s
seed 1002 n25 free_scaled stage 1 epoch 85/90    577 s
seed 1002 n25 free_scaled stage 1 epoch 86/90    582 s
seed 1002 n25 free_scaled stage 1 epoch 87/90    587 s
seed 1002 n25 free_scaled stage 1 epoch 88/90    592 s
seed 1002 n25 free_scaled stage 1 epoch 89/90    599 s
seed 1002 n25 free_scaled stage 1 epoch 90/90    605 s
seed 1002 n25 free_scaled stage 2 epoch  1/90    607 s
seed 1002 n25 free_scaled stage 2 epoch  2/90    610 s
seed 1002 n25 free_scaled stage 2 epoch  3/90    612 s
seed 1002 n25 free_scaled stage 2 epoch  4/90    615 s
seed 1002 n25 free_scaled stage 2 epoch  5/90    618 s
seed 1002 n25 free_scaled stage 2 epoch  6/90    620 s
seed 1002 n25 free_scaled stage 2 epoch  7/90    624 s
seed 1002 n25 free_scaled stage 2 epoch  8/90    627 s
seed 1002 n25 free_scaled stage 2 epoch  9/90    629 s
seed 1002 n25 free_scaled stage 2 epoch 10/90    632 s
seed 1002 n25 free_scaled stage 2 epoch 11/90    634 s
seed 1002 n25 free_scaled stage 2 epoch 12/90    638 s
seed 1002 n25 free_scaled stage 2 epoch 13/90    640 s
seed 1002 n25 free_scaled stage 2 epoch 14/90    643 s
seed 1002 n25 free_scaled stage 2 epoch 15/90    646 s
seed 1002 n25 free_scaled stage 2 epoch 16/90    648 s
seed 1002 n25 free_scaled stage 2 epoch 17/90    651 s
seed 1002 n25 free_scaled stage 2 epoch 18/90    653 s
seed 1002 n25 free_scaled stage 2 epoch 19/90    656 s
seed 1002 n25 free_scaled stage 2 epoch 20/90    659 s
seed 1002 n25 free_scaled stage 2 epoch 21/90    662 s
seed 1002 n25 free_scaled stage 2 epoch 22/90    664 s
seed 1002 n25 free_scaled stage 2 epoch 23/90    666 s
seed 1002 n25 free_scaled stage 2 epoch 24/90    669 s
seed 1002 n25 free_scaled stage 2 epoch 25/90    671 s
seed 1002 n25 free_scaled stage 2 epoch 26/90    673 s
seed 1002 n25 free_scaled stage 2 epoch 27/90    676 s
seed 1002 n25 free_scaled stage 2 epoch 28/90    678 s
seed 1002 n25 free_scaled stage 2 epoch 29/90    680 s
seed 1002 n25 free_scaled stage 2 epoch 30/90    683 s
seed 1002 n25 free_scaled stage 2 epoch 31/90    686 s
seed 1002 n25 free_scaled stage 2 epoch 32/90    689 s
seed 1002 n25 free_scaled stage 2 epoch 33/90    691 s
seed 1002 n25 free_scaled stage 2 epoch 34/90    694 s
seed 1002 n25 free_scaled stage 2 epoch 35/90    697 s
seed 1002 n25 free_scaled stage 2 epoch 36/90    700 s
seed 1002 n25 free_scaled stage 2 epoch 37/90    702 s
seed 1002 n25 free_scaled stage 2 epoch 38/90    704 s
seed 1002 n25 free_scaled stage 2 epoch 39/90    707 s
seed 1002 n25 free_scaled stage 2 epoch 40/90    709 s
seed 1002 n25 free_scaled stage 2 epoch 41/90    711 s
seed 1002 n25 free_scaled stage 2 epoch 42/90    714 s
seed 1002 n25 free_scaled stage 2 epoch 43/90    716 s
seed 1002 n25 free_scaled stage 2 epoch 44/90    718 s
seed 1002 n25 free_scaled stage 2 epoch 45/90    720 s
seed 1002 n25 free_scaled stage 2 epoch 46/90    722 s
seed 1002 n25 free_scaled stage 2 epoch 47/90    725 s
seed 1002 n25 free_scaled stage 2 epoch 48/90    727 s
seed 1002 n25 free_scaled stage 2 epoch 49/90    729 s
seed 1002 n25 free_scaled stage 2 epoch 50/90    731 s
seed 1002 n25 free_scaled stage 2 epoch 51/90    734 s
seed 1002 n25 free_scaled stage 2 epoch 52/90    736 s
seed 1002 n25 free_scaled stage 2 epoch 53/90    738 s
seed 1002 n25 free_scaled stage 2 epoch 54/90    741 s
seed 1002 n25 free_scaled stage 2 epoch 55/90    743 s
seed 1002 n25 free_scaled stage 2 epoch 56/90    745 s
seed 1002 n25 free_scaled stage 2 epoch 57/90    748 s
seed 1002 n25 free_scaled stage 2 epoch 58/90    750 s
seed 1002 n25 free_scaled stage 2 epoch 59/90    752 s
seed 1002 n25 free_scaled stage 2 epoch 60/90    754 s
seed 1002 n25 free_scaled stage 2 epoch 61/90    756 s
seed 1002 n25 free_scaled stage 2 epoch 62/90    759 s
seed 1002 n25 free_scaled stage 2 epoch 63/90    762 s
seed 1002 n25 free_scaled stage 2 epoch 64/90    765 s
seed 1002 n25 free_scaled stage 2 epoch 65/90    768 s
seed 1002 n25 free_scaled stage 2 epoch 66/90    770 s
seed 1002 n25 free_scaled stage 2 epoch 67/90    774 s
seed 1002 n25 free_scaled stage 2 epoch 68/90    777 s
seed 1002 n25 free_scaled stage 2 epoch 69/90    779 s
seed 1002 n25 free_scaled stage 2 epoch 70/90    782 s
seed 1002 n25 free_scaled stage 2 epoch 71/90    785 s
seed 1002 n25 free_scaled stage 2 epoch 72/90    788 s
seed 1002 n25 free_scaled stage 2 epoch 73/90    791 s
seed 1002 n25 free_scaled stage 2 epoch 74/90    794 s
seed 1002 n25 free_scaled stage 2 epoch 75/90    799 s
seed 1002 n25 free_scaled stage 2 epoch 76/90    804 s
seed 1002 n25 free_scaled stage 2 epoch 77/90    809 s
seed 1002 n25 free_scaled stage 2 epoch 78/90    814 s
seed 1002 n25 free_scaled stage 2 epoch 79/90    820 s
seed 1002 n25 free_scaled stage 2 epoch 80/90    825 s
seed 1002 n25 free_scaled stage 2 epoch 81/90    829 s
seed 1002 n25 free_scaled stage 2 epoch 82/90    831 s
seed 1002 n25 free_scaled stage 2 epoch 83/90    834 s
seed 1002 n25 free_scaled stage 2 epoch 84/90    838 s
seed 1002 n25 free_scaled stage 2 epoch 85/90    842 s
seed 1002 n25 free_scaled stage 2 epoch 86/90    844 s
seed 1002 n25 free_scaled stage 2 epoch 87/90    848 s
seed 1002 n25 free_scaled stage 2 epoch 88/90    852 s
seed 1002 n25 free_scaled stage 2 epoch 89/90    855 s
seed 1002 n25 free_scaled stage 2 epoch 90/90    859 s
seed 1002 n25 prescribed_std stage 2 epoch  1/90      5 s
seed 1002 n25 prescribed_std stage 2 epoch  2/90      8 s
seed 1002 n25 prescribed_std stage 2 epoch  3/90     11 s
seed 1002 n25 prescribed_std stage 2 epoch  4/90     15 s
seed 1002 n25 prescribed_std stage 2 epoch  5/90     17 s
seed 1002 n25 prescribed_std stage 2 epoch  6/90     21 s
seed 1002 n25 prescribed_std stage 2 epoch  7/90     23 s
seed 1002 n25 prescribed_std stage 2 epoch  8/90     27 s
seed 1002 n25 prescribed_std stage 2 epoch  9/90     30 s
seed 1002 n25 prescribed_std stage 2 epoch 10/90     33 s
seed 1002 n25 prescribed_std stage 2 epoch 11/90     36 s
seed 1002 n25 prescribed_std stage 2 epoch 12/90     39 s
seed 1002 n25 prescribed_std stage 2 epoch 13/90     42 s
seed 1002 n25 prescribed_std stage 2 epoch 14/90     44 s
seed 1002 n25 prescribed_std stage 2 epoch 15/90     47 s
seed 1002 n25 prescribed_std stage 2 epoch 16/90     49 s
seed 1002 n25 prescribed_std stage 2 epoch 17/90     52 s
seed 1002 n25 prescribed_std stage 2 epoch 18/90     54 s
seed 1002 n25 prescribed_std stage 2 epoch 19/90     56 s
seed 1002 n25 prescribed_std stage 2 epoch 20/90     59 s
seed 1002 n25 prescribed_std stage 2 epoch 21/90     61 s
seed 1002 n25 prescribed_std stage 2 epoch 22/90     64 s
seed 1002 n25 prescribed_std stage 2 epoch 23/90     66 s
seed 1002 n25 prescribed_std stage 2 epoch 24/90     69 s
seed 1002 n25 prescribed_std stage 2 epoch 25/90     73 s
seed 1002 n25 prescribed_std stage 2 epoch 26/90     75 s
seed 1002 n25 prescribed_std stage 2 epoch 27/90     77 s
seed 1002 n25 prescribed_std stage 2 epoch 28/90     79 s
seed 1002 n25 prescribed_std stage 2 epoch 29/90     81 s
seed 1002 n25 prescribed_std stage 2 epoch 30/90     83 s
seed 1002 n25 prescribed_std stage 2 epoch 31/90     85 s
seed 1002 n25 prescribed_std stage 2 epoch 32/90     88 s
seed 1002 n25 prescribed_std stage 2 epoch 33/90     90 s
seed 1002 n25 prescribed_std stage 2 epoch 34/90     92 s
seed 1002 n25 prescribed_std stage 2 epoch 35/90     95 s
seed 1002 n25 prescribed_std stage 2 epoch 36/90     97 s
seed 1002 n25 prescribed_std stage 2 epoch 37/90     99 s
seed 1002 n25 prescribed_std stage 2 epoch 38/90    101 s
seed 1002 n25 prescribed_std stage 2 epoch 39/90    103 s
seed 1002 n25 prescribed_std stage 2 epoch 40/90    106 s
seed 1002 n25 prescribed_std stage 2 epoch 41/90    108 s
seed 1002 n25 prescribed_std stage 2 epoch 42/90    111 s
seed 1002 n25 prescribed_std stage 2 epoch 43/90    113 s
seed 1002 n25 prescribed_std stage 2 epoch 44/90    115 s
seed 1002 n25 prescribed_std stage 2 epoch 45/90    117 s
seed 1002 n25 prescribed_std stage 2 epoch 46/90    120 s
seed 1002 n25 prescribed_std stage 2 epoch 47/90    123 s
seed 1002 n25 prescribed_std stage 2 epoch 48/90    126 s
seed 1002 n25 prescribed_std stage 2 epoch 49/90    129 s
seed 1002 n25 prescribed_std stage 2 epoch 50/90    131 s
seed 1002 n25 prescribed_std stage 2 epoch 51/90    133 s
seed 1002 n25 prescribed_std stage 2 epoch 52/90    135 s
seed 1002 n25 prescribed_std stage 2 epoch 53/90    137 s
seed 1002 n25 prescribed_std stage 2 epoch 54/90    141 s
seed 1002 n25 prescribed_std stage 2 epoch 55/90    144 s
seed 1002 n25 prescribed_std stage 2 epoch 56/90    146 s
seed 1002 n25 prescribed_std stage 2 epoch 57/90    148 s
seed 1002 n25 prescribed_std stage 2 epoch 58/90    150 s
seed 1002 n25 prescribed_std stage 2 epoch 59/90    153 s
seed 1002 n25 prescribed_std stage 2 epoch 60/90    155 s
seed 1002 n25 prescribed_std stage 2 epoch 61/90    157 s
seed 1002 n25 prescribed_std stage 2 epoch 62/90    159 s
seed 1002 n25 prescribed_std stage 2 epoch 63/90    163 s
seed 1002 n25 prescribed_std stage 2 epoch 64/90    166 s
seed 1002 n25 prescribed_std stage 2 epoch 65/90    170 s
seed 1002 n25 prescribed_std stage 2 epoch 66/90    173 s
seed 1002 n25 prescribed_std stage 2 epoch 67/90    176 s
seed 1002 n25 prescribed_std stage 2 epoch 68/90    179 s
seed 1002 n25 prescribed_std stage 2 epoch 69/90    181 s
seed 1002 n25 prescribed_std stage 2 epoch 70/90    184 s
seed 1002 n25 prescribed_std stage 2 epoch 71/90    186 s
seed 1002 n25 prescribed_std stage 2 epoch 72/90    189 s
seed 1002 n25 prescribed_std stage 2 epoch 73/90    191 s
seed 1002 n25 prescribed_std stage 2 epoch 74/90    194 s
seed 1002 n25 prescribed_std stage 2 epoch 75/90    197 s
seed 1002 n25 prescribed_std stage 2 epoch 76/90    201 s
seed 1002 n25 prescribed_std stage 2 epoch 77/90    204 s
seed 1002 n25 prescribed_std stage 2 epoch 78/90    206 s
seed 1002 n25 prescribed_std stage 2 epoch 79/90    209 s
seed 1002 n25 prescribed_std stage 2 epoch 80/90    211 s
seed 1002 n25 prescribed_std stage 2 epoch 81/90    213 s
seed 1002 n25 prescribed_std stage 2 epoch 82/90    217 s
seed 1002 n25 prescribed_std stage 2 epoch 83/90    220 s
seed 1002 n25 prescribed_std stage 2 epoch 84/90    223 s
seed 1002 n25 prescribed_std stage 2 epoch 85/90    227 s
seed 1002 n25 prescribed_std stage 2 epoch 86/90    230 s
seed 1002 n25 prescribed_std stage 2 epoch 87/90    233 s
seed 1002 n25 prescribed_std stage 2 epoch 88/90    236 s
seed 1002 n25 prescribed_std stage 2 epoch 89/90    239 s
seed 1002 n25 prescribed_std stage 2 epoch 90/90    242 s
seed 1002 n50 free_scaled stage 1 epoch  1/90     12 s
seed 1002 n50 free_scaled stage 1 epoch  2/90     24 s
seed 1002 n50 free_scaled stage 1 epoch  3/90     36 s
seed 1002 n50 free_scaled stage 1 epoch  4/90     49 s
seed 1002 n50 free_scaled stage 1 epoch  5/90     62 s
seed 1002 n50 free_scaled stage 1 epoch  6/90     74 s
seed 1002 n50 free_scaled stage 1 epoch  7/90     88 s
seed 1002 n50 free_scaled stage 1 epoch  8/90    100 s
seed 1002 n50 free_scaled stage 1 epoch  9/90    114 s
seed 1002 n50 free_scaled stage 1 epoch 10/90    136 s
seed 1002 n50 free_scaled stage 1 epoch 11/90    155 s
seed 1002 n50 free_scaled stage 1 epoch 12/90    173 s
seed 1002 n50 free_scaled stage 1 epoch 13/90    186 s
seed 1002 n50 free_scaled stage 1 epoch 14/90    199 s
seed 1002 n50 free_scaled stage 1 epoch 15/90    213 s
seed 1002 n50 free_scaled stage 1 epoch 16/90    238 s
seed 1002 n50 free_scaled stage 1 epoch 17/90    273 s
seed 1002 n50 free_scaled stage 1 epoch 18/90    302 s
seed 1002 n50 free_scaled stage 1 epoch 19/90    325 s
seed 1002 n50 free_scaled stage 1 epoch 20/90    351 s
seed 1002 n50 free_scaled stage 1 epoch 21/90    383 s
seed 1002 n50 free_scaled stage 1 epoch 22/90    408 s
seed 1002 n50 free_scaled stage 1 epoch 23/90    424 s
seed 1002 n50 free_scaled stage 1 epoch 24/90    440 s
seed 1002 n50 free_scaled stage 1 epoch 25/90    452 s
seed 1002 n50 free_scaled stage 1 epoch 26/90    463 s
seed 1002 n50 free_scaled stage 1 epoch 27/90    474 s
seed 1002 n50 free_scaled stage 1 epoch 28/90    485 s
seed 1002 n50 free_scaled stage 1 epoch 29/90    498 s
seed 1002 n50 free_scaled stage 1 epoch 30/90    512 s
seed 1002 n50 free_scaled stage 1 epoch 31/90    525 s
seed 1002 n50 free_scaled stage 1 epoch 32/90    537 s
seed 1002 n50 free_scaled stage 1 epoch 33/90    554 s
seed 1002 n50 free_scaled stage 1 epoch 34/90    568 s
seed 1002 n50 free_scaled stage 1 epoch 35/90    581 s
seed 1002 n50 free_scaled stage 1 epoch 36/90    592 s
seed 1002 n50 free_scaled stage 1 epoch 37/90    604 s
seed 1002 n50 free_scaled stage 1 epoch 38/90    618 s
seed 1002 n50 free_scaled stage 1 epoch 39/90    629 s
seed 1002 n50 free_scaled stage 1 epoch 40/90    640 s
seed 1002 n50 free_scaled stage 1 epoch 41/90    650 s
seed 1002 n50 free_scaled stage 1 epoch 42/90    661 s
seed 1002 n50 free_scaled stage 1 epoch 43/90    673 s
seed 1002 n50 free_scaled stage 1 epoch 44/90    688 s
seed 1002 n50 free_scaled stage 1 epoch 45/90    699 s
seed 1002 n50 free_scaled stage 1 epoch 46/90    710 s
seed 1002 n50 free_scaled stage 1 epoch 47/90    723 s
seed 1002 n50 free_scaled stage 1 epoch 48/90    737 s
seed 1002 n50 free_scaled stage 1 epoch 49/90    749 s
seed 1002 n50 free_scaled stage 1 epoch 50/90    761 s
seed 1002 n50 free_scaled stage 1 epoch 51/90    775 s
seed 1002 n50 free_scaled stage 1 epoch 52/90    788 s
seed 1002 n50 free_scaled stage 1 epoch 53/90    802 s
seed 1002 n50 free_scaled stage 1 epoch 54/90    814 s
seed 1002 n50 free_scaled stage 1 epoch 55/90    826 s
seed 1002 n50 free_scaled stage 1 epoch 56/90    845 s
seed 1002 n50 free_scaled stage 1 epoch 57/90    865 s
seed 1002 n50 free_scaled stage 1 epoch 58/90    891 s
seed 1002 n50 free_scaled stage 1 epoch 59/90    908 s
seed 1002 n50 free_scaled stage 1 epoch 60/90    924 s
seed 1002 n50 free_scaled stage 1 epoch 61/90    938 s
seed 1002 n50 free_scaled stage 1 epoch 62/90    957 s
seed 1002 n50 free_scaled stage 1 epoch 63/90    971 s
seed 1002 n50 free_scaled stage 1 epoch 64/90    985 s
seed 1002 n50 free_scaled stage 1 epoch 65/90    998 s
seed 1002 n50 free_scaled stage 1 epoch 66/90   1010 s
seed 1002 n50 free_scaled stage 1 epoch 67/90   1023 s
seed 1002 n50 free_scaled stage 1 epoch 68/90   1036 s
seed 1002 n50 free_scaled stage 1 epoch 69/90   1048 s
seed 1002 n50 free_scaled stage 1 epoch 70/90   1063 s
seed 1002 n50 free_scaled stage 1 epoch 71/90   1077 s
seed 1002 n50 free_scaled stage 1 epoch 72/90   1089 s
seed 1002 n50 free_scaled stage 1 epoch 73/90   1101 s
seed 1002 n50 free_scaled stage 1 epoch 74/90   1113 s
seed 1002 n50 free_scaled stage 1 epoch 75/90   1124 s
seed 1002 n50 free_scaled stage 1 epoch 76/90   1136 s
seed 1002 n50 free_scaled stage 1 epoch 77/90   1150 s
seed 1002 n50 free_scaled stage 1 epoch 78/90   1161 s
seed 1002 n50 free_scaled stage 1 epoch 79/90   1177 s
seed 1002 n50 free_scaled stage 1 epoch 80/90   1193 s
seed 1002 n50 free_scaled stage 1 epoch 81/90   1204 s
seed 1002 n50 free_scaled stage 1 epoch 82/90   1214 s
seed 1002 n50 free_scaled stage 1 epoch 83/90   1225 s
seed 1002 n50 free_scaled stage 1 epoch 84/90   1239 s
seed 1002 n50 free_scaled stage 1 epoch 85/90   1250 s
seed 1002 n50 free_scaled stage 1 epoch 86/90   1261 s
seed 1002 n50 free_scaled stage 1 epoch 87/90   1275 s
seed 1002 n50 free_scaled stage 1 epoch 88/90   1286 s
seed 1002 n50 free_scaled stage 1 epoch 89/90   1298 s
seed 1002 n50 free_scaled stage 1 epoch 90/90   1312 s
seed 1002 n50 free_scaled stage 2 epoch  1/90   1316 s
seed 1002 n50 free_scaled stage 2 epoch  2/90   1321 s
seed 1002 n50 free_scaled stage 2 epoch  3/90   1327 s
seed 1002 n50 free_scaled stage 2 epoch  4/90   1331 s
seed 1002 n50 free_scaled stage 2 epoch  5/90   1335 s
seed 1002 n50 free_scaled stage 2 epoch  6/90   1339 s
seed 1002 n50 free_scaled stage 2 epoch  7/90   1343 s
seed 1002 n50 free_scaled stage 2 epoch  8/90   1349 s
seed 1002 n50 free_scaled stage 2 epoch  9/90   1354 s
seed 1002 n50 free_scaled stage 2 epoch 10/90   1358 s
seed 1002 n50 free_scaled stage 2 epoch 11/90   1363 s
seed 1002 n50 free_scaled stage 2 epoch 12/90   1370 s
seed 1002 n50 free_scaled stage 2 epoch 13/90   1376 s
seed 1002 n50 free_scaled stage 2 epoch 14/90   1381 s
seed 1002 n50 free_scaled stage 2 epoch 15/90   1388 s
seed 1002 n50 free_scaled stage 2 epoch 16/90   1394 s
seed 1002 n50 free_scaled stage 2 epoch 17/90   1401 s
seed 1002 n50 free_scaled stage 2 epoch 18/90   1412 s
seed 1002 n50 free_scaled stage 2 epoch 19/90   1425 s
seed 1002 n50 free_scaled stage 2 epoch 20/90   1436 s
seed 1002 n50 free_scaled stage 2 epoch 21/90   1440 s
seed 1002 n50 free_scaled stage 2 epoch 22/90   1447 s
seed 1002 n50 free_scaled stage 2 epoch 23/90   1453 s
seed 1002 n50 free_scaled stage 2 epoch 24/90   1458 s
seed 1002 n50 free_scaled stage 2 epoch 25/90   1462 s
seed 1002 n50 free_scaled stage 2 epoch 26/90   1468 s
seed 1002 n50 free_scaled stage 2 epoch 27/90   1474 s
seed 1002 n50 free_scaled stage 2 epoch 28/90   1482 s
seed 1002 n50 free_scaled stage 2 epoch 29/90   1486 s
seed 1002 n50 free_scaled stage 2 epoch 30/90   1490 s
seed 1002 n50 free_scaled stage 2 epoch 31/90   1499 s
seed 1002 n50 free_scaled stage 2 epoch 32/90   1503 s
seed 1002 n50 free_scaled stage 2 epoch 33/90   1507 s
seed 1002 n50 free_scaled stage 2 epoch 34/90   1512 s
seed 1002 n50 free_scaled stage 2 epoch 35/90   1516 s
seed 1002 n50 free_scaled stage 2 epoch 36/90   1520 s
seed 1002 n50 free_scaled stage 2 epoch 37/90   1524 s
seed 1002 n50 free_scaled stage 2 epoch 38/90   1528 s
seed 1002 n50 free_scaled stage 2 epoch 39/90   1532 s
seed 1002 n50 free_scaled stage 2 epoch 40/90   1536 s
seed 1002 n50 free_scaled stage 2 epoch 41/90   1541 s
seed 1002 n50 free_scaled stage 2 epoch 42/90   1545 s
seed 1002 n50 free_scaled stage 2 epoch 43/90   1549 s
seed 1002 n50 free_scaled stage 2 epoch 44/90   1554 s
seed 1002 n50 free_scaled stage 2 epoch 45/90   1558 s
seed 1002 n50 free_scaled stage 2 epoch 46/90   1562 s
seed 1002 n50 free_scaled stage 2 epoch 47/90   1566 s
seed 1002 n50 free_scaled stage 2 epoch 48/90   1570 s
seed 1002 n50 free_scaled stage 2 epoch 49/90   1574 s
seed 1002 n50 free_scaled stage 2 epoch 50/90   1579 s
seed 1002 n50 free_scaled stage 2 epoch 51/90   1583 s
seed 1002 n50 free_scaled stage 2 epoch 52/90   1588 s
seed 1002 n50 free_scaled stage 2 epoch 53/90   1593 s
seed 1002 n50 free_scaled stage 2 epoch 54/90   1597 s
seed 1002 n50 free_scaled stage 2 epoch 55/90   1601 s
seed 1002 n50 free_scaled stage 2 epoch 56/90   1605 s
seed 1002 n50 free_scaled stage 2 epoch 57/90   1609 s
seed 1002 n50 free_scaled stage 2 epoch 58/90   1614 s
seed 1002 n50 free_scaled stage 2 epoch 59/90   1620 s
seed 1002 n50 free_scaled stage 2 epoch 60/90   1624 s
seed 1002 n50 free_scaled stage 2 epoch 61/90   1628 s
seed 1002 n50 free_scaled stage 2 epoch 62/90   1632 s
seed 1002 n50 free_scaled stage 2 epoch 63/90   1636 s
seed 1002 n50 free_scaled stage 2 epoch 64/90   1640 s
seed 1002 n50 free_scaled stage 2 epoch 65/90   1644 s
seed 1002 n50 free_scaled stage 2 epoch 66/90   1649 s
seed 1002 n50 free_scaled stage 2 epoch 67/90   1652 s
seed 1002 n50 free_scaled stage 2 epoch 68/90   1657 s
seed 1002 n50 free_scaled stage 2 epoch 69/90   1661 s
seed 1002 n50 free_scaled stage 2 epoch 70/90   1665 s
seed 1002 n50 free_scaled stage 2 epoch 71/90   1669 s
seed 1002 n50 free_scaled stage 2 epoch 72/90   1673 s
seed 1002 n50 free_scaled stage 2 epoch 73/90   1678 s
seed 1002 n50 free_scaled stage 2 epoch 74/90   1684 s
seed 1002 n50 free_scaled stage 2 epoch 75/90   1690 s
seed 1002 n50 free_scaled stage 2 epoch 76/90   1693 s
seed 1002 n50 free_scaled stage 2 epoch 77/90   1698 s
seed 1002 n50 free_scaled stage 2 epoch 78/90   1702 s
seed 1002 n50 free_scaled stage 2 epoch 79/90   1706 s
seed 1002 n50 free_scaled stage 2 epoch 80/90   1710 s
seed 1002 n50 free_scaled stage 2 epoch 81/90   1715 s
seed 1002 n50 free_scaled stage 2 epoch 82/90   1719 s
seed 1002 n50 free_scaled stage 2 epoch 83/90   1723 s
seed 1002 n50 free_scaled stage 2 epoch 84/90   1727 s
seed 1002 n50 free_scaled stage 2 epoch 85/90   1733 s
seed 1002 n50 free_scaled stage 2 epoch 86/90   1737 s
seed 1002 n50 free_scaled stage 2 epoch 87/90   1742 s
seed 1002 n50 free_scaled stage 2 epoch 88/90   1746 s
seed 1002 n50 free_scaled stage 2 epoch 89/90   1751 s
seed 1002 n50 free_scaled stage 2 epoch 90/90   1755 s
seed 1002 n50 prescribed_std stage 2 epoch  1/90      4 s
seed 1002 n50 prescribed_std stage 2 epoch  2/90      8 s
seed 1002 n50 prescribed_std stage 2 epoch  3/90     13 s
seed 1002 n50 prescribed_std stage 2 epoch  4/90     17 s
seed 1002 n50 prescribed_std stage 2 epoch  5/90     21 s
seed 1002 n50 prescribed_std stage 2 epoch  6/90     26 s
seed 1002 n50 prescribed_std stage 2 epoch  7/90     31 s
seed 1002 n50 prescribed_std stage 2 epoch  8/90     36 s
seed 1002 n50 prescribed_std stage 2 epoch  9/90     40 s
seed 1002 n50 prescribed_std stage 2 epoch 10/90     44 s
seed 1002 n50 prescribed_std stage 2 epoch 11/90     48 s
seed 1002 n50 prescribed_std stage 2 epoch 12/90     52 s
seed 1002 n50 prescribed_std stage 2 epoch 13/90     56 s
seed 1002 n50 prescribed_std stage 2 epoch 14/90     60 s
seed 1002 n50 prescribed_std stage 2 epoch 15/90     65 s
seed 1002 n50 prescribed_std stage 2 epoch 16/90     69 s
seed 1002 n50 prescribed_std stage 2 epoch 17/90     73 s
seed 1002 n50 prescribed_std stage 2 epoch 18/90     78 s
seed 1002 n50 prescribed_std stage 2 epoch 19/90     82 s
seed 1002 n50 prescribed_std stage 2 epoch 20/90     86 s
seed 1002 n50 prescribed_std stage 2 epoch 21/90     91 s
seed 1002 n50 prescribed_std stage 2 epoch 22/90     95 s
seed 1002 n50 prescribed_std stage 2 epoch 23/90     99 s
seed 1002 n50 prescribed_std stage 2 epoch 24/90    103 s
seed 1002 n50 prescribed_std stage 2 epoch 25/90    107 s
seed 1002 n50 prescribed_std stage 2 epoch 26/90    110 s
seed 1002 n50 prescribed_std stage 2 epoch 27/90    114 s
seed 1002 n50 prescribed_std stage 2 epoch 28/90    117 s
seed 1002 n50 prescribed_std stage 2 epoch 29/90    121 s
seed 1002 n50 prescribed_std stage 2 epoch 30/90    126 s
seed 1002 n50 prescribed_std stage 2 epoch 31/90    130 s
seed 1002 n50 prescribed_std stage 2 epoch 32/90    135 s
seed 1002 n50 prescribed_std stage 2 epoch 33/90    139 s
seed 1002 n50 prescribed_std stage 2 epoch 34/90    143 s
seed 1002 n50 prescribed_std stage 2 epoch 35/90    147 s
seed 1002 n50 prescribed_std stage 2 epoch 36/90    151 s
seed 1002 n50 prescribed_std stage 2 epoch 37/90    155 s
seed 1002 n50 prescribed_std stage 2 epoch 38/90    160 s
seed 1002 n50 prescribed_std stage 2 epoch 39/90    164 s
seed 1002 n50 prescribed_std stage 2 epoch 40/90    168 s
seed 1002 n50 prescribed_std stage 2 epoch 41/90    173 s
seed 1002 n50 prescribed_std stage 2 epoch 42/90    177 s
seed 1002 n50 prescribed_std stage 2 epoch 43/90    181 s
seed 1002 n50 prescribed_std stage 2 epoch 44/90    186 s
seed 1002 n50 prescribed_std stage 2 epoch 45/90    190 s
seed 1002 n50 prescribed_std stage 2 epoch 46/90    194 s
seed 1002 n50 prescribed_std stage 2 epoch 47/90    199 s
seed 1002 n50 prescribed_std stage 2 epoch 48/90    203 s
seed 1002 n50 prescribed_std stage 2 epoch 49/90    207 s
seed 1002 n50 prescribed_std stage 2 epoch 50/90    212 s
seed 1002 n50 prescribed_std stage 2 epoch 51/90    217 s
seed 1002 n50 prescribed_std stage 2 epoch 52/90    224 s
seed 1002 n50 prescribed_std stage 2 epoch 53/90    229 s
seed 1002 n50 prescribed_std stage 2 epoch 54/90    234 s
seed 1002 n50 prescribed_std stage 2 epoch 55/90    238 s
seed 1002 n50 prescribed_std stage 2 epoch 56/90    242 s
seed 1002 n50 prescribed_std stage 2 epoch 57/90    246 s
seed 1002 n50 prescribed_std stage 2 epoch 58/90    252 s
seed 1002 n50 prescribed_std stage 2 epoch 59/90    257 s
seed 1002 n50 prescribed_std stage 2 epoch 60/90    261 s
seed 1002 n50 prescribed_std stage 2 epoch 61/90    265 s
seed 1002 n50 prescribed_std stage 2 epoch 62/90    269 s
seed 1002 n50 prescribed_std stage 2 epoch 63/90    273 s
seed 1002 n50 prescribed_std stage 2 epoch 64/90    277 s
seed 1002 n50 prescribed_std stage 2 epoch 65/90    281 s
seed 1002 n50 prescribed_std stage 2 epoch 66/90    285 s
seed 1002 n50 prescribed_std stage 2 epoch 67/90    289 s
seed 1002 n50 prescribed_std stage 2 epoch 68/90    293 s
seed 1002 n50 prescribed_std stage 2 epoch 69/90    297 s
seed 1002 n50 prescribed_std stage 2 epoch 70/90    302 s
seed 1002 n50 prescribed_std stage 2 epoch 71/90    307 s
seed 1002 n50 prescribed_std stage 2 epoch 72/90    311 s
seed 1002 n50 prescribed_std stage 2 epoch 73/90    315 s
seed 1002 n50 prescribed_std stage 2 epoch 74/90    319 s
seed 1002 n50 prescribed_std stage 2 epoch 75/90    324 s
seed 1002 n50 prescribed_std stage 2 epoch 76/90    328 s
seed 1002 n50 prescribed_std stage 2 epoch 77/90    332 s
seed 1002 n50 prescribed_std stage 2 epoch 78/90    336 s
seed 1002 n50 prescribed_std stage 2 epoch 79/90    340 s
seed 1002 n50 prescribed_std stage 2 epoch 80/90    344 s
seed 1002 n50 prescribed_std stage 2 epoch 81/90    348 s
seed 1002 n50 prescribed_std stage 2 epoch 82/90    352 s
seed 1002 n50 prescribed_std stage 2 epoch 83/90    357 s
seed 1002 n50 prescribed_std stage 2 epoch 84/90    362 s
seed 1002 n50 prescribed_std stage 2 epoch 85/90    367 s
seed 1002 n50 prescribed_std stage 2 epoch 86/90    372 s
seed 1002 n50 prescribed_std stage 2 epoch 87/90    376 s
seed 1002 n50 prescribed_std stage 2 epoch 88/90    381 s
seed 1002 n50 prescribed_std stage 2 epoch 89/90    385 s
seed 1002 n50 prescribed_std stage 2 epoch 90/90    389 s
seed 1002 n200 prescribed_std stage 2 epoch  1/90     20 s
seed 1002 n200 prescribed_std stage 2 epoch  2/90     35 s
seed 1002 n200 prescribed_std stage 2 epoch  3/90     52 s
seed 1002 n200 prescribed_std stage 2 epoch  4/90     71 s
seed 1002 n200 prescribed_std stage 2 epoch  5/90     91 s
seed 1002 n200 prescribed_std stage 2 epoch  6/90    110 s
seed 1002 n200 prescribed_std stage 2 epoch  7/90    126 s
seed 1002 n200 prescribed_std stage 2 epoch  8/90    146 s
seed 1002 n200 prescribed_std stage 2 epoch  9/90    163 s
seed 1002 n200 prescribed_std stage 2 epoch 10/90    182 s
seed 1002 n200 prescribed_std stage 2 epoch 11/90    198 s
seed 1002 n200 prescribed_std stage 2 epoch 12/90    221 s
seed 1002 n200 prescribed_std stage 2 epoch 13/90    241 s
seed 1002 n200 prescribed_std stage 2 epoch 14/90    262 s
seed 1002 n200 prescribed_std stage 2 epoch 15/90    303 s
seed 1002 n200 prescribed_std stage 2 epoch 16/90    324 s
seed 1002 n200 prescribed_std stage 2 epoch 17/90    341 s
seed 1002 n200 prescribed_std stage 2 epoch 18/90    357 s
seed 1002 n200 prescribed_std stage 2 epoch 19/90    372 s
seed 1002 n200 prescribed_std stage 2 epoch 20/90    391 s
seed 1002 n200 prescribed_std stage 2 epoch 21/90    408 s
seed 1002 n200 prescribed_std stage 2 epoch 22/90    429 s
seed 1002 n200 prescribed_std stage 2 epoch 23/90    446 s
seed 1002 n200 prescribed_std stage 2 epoch 24/90    462 s
seed 1002 n200 prescribed_std stage 2 epoch 25/90    478 s
seed 1002 n200 prescribed_std stage 2 epoch 26/90    494 s
seed 1002 n200 prescribed_std stage 2 epoch 27/90    510 s
seed 1002 n200 prescribed_std stage 2 epoch 28/90    532 s
seed 1002 n200 prescribed_std stage 2 epoch 29/90    551 s
seed 1002 n200 prescribed_std stage 2 epoch 30/90    574 s
seed 1002 n200 prescribed_std stage 2 epoch 31/90    595 s
seed 1002 n200 prescribed_std stage 2 epoch 32/90    620 s
seed 1002 n200 prescribed_std stage 2 epoch 33/90    640 s
seed 1002 n200 prescribed_std stage 2 epoch 34/90    658 s
seed 1002 n200 prescribed_std stage 2 epoch 35/90    681 s
seed 1002 n200 prescribed_std stage 2 epoch 36/90    700 s
seed 1002 n200 prescribed_std stage 2 epoch 37/90    717 s
seed 1002 n200 prescribed_std stage 2 epoch 38/90    736 s
seed 1002 n200 prescribed_std stage 2 epoch 39/90    757 s
seed 1002 n200 prescribed_std stage 2 epoch 40/90    775 s
seed 1002 n200 prescribed_std stage 2 epoch 41/90    797 s
seed 1002 n200 prescribed_std stage 2 epoch 42/90    818 s
seed 1002 n200 prescribed_std stage 2 epoch 43/90    853 s
seed 1002 n200 prescribed_std stage 2 epoch 44/90    876 s
seed 1002 n200 prescribed_std stage 2 epoch 45/90    894 s
seed 1002 n200 prescribed_std stage 2 epoch 46/90    913 s
seed 1002 n200 prescribed_std stage 2 epoch 47/90    931 s
seed 1002 n200 prescribed_std stage 2 epoch 48/90    949 s
seed 1002 n200 prescribed_std stage 2 epoch 49/90    968 s
seed 1002 n200 prescribed_std stage 2 epoch 50/90    986 s
seed 1002 n200 prescribed_std stage 2 epoch 51/90   1004 s
seed 1002 n200 prescribed_std stage 2 epoch 52/90   1022 s
seed 1002 n200 prescribed_std stage 2 epoch 53/90   1042 s
seed 1002 n200 prescribed_std stage 2 epoch 54/90   1059 s
seed 1002 n200 prescribed_std stage 2 epoch 55/90   1074 s
seed 1002 n200 prescribed_std stage 2 epoch 56/90   1093 s
seed 1002 n200 prescribed_std stage 2 epoch 57/90   1110 s
seed 1002 n200 prescribed_std stage 2 epoch 58/90   1126 s
seed 1002 n200 prescribed_std stage 2 epoch 59/90   1144 s
seed 1002 n200 prescribed_std stage 2 epoch 60/90   1162 s
seed 1002 n200 prescribed_std stage 2 epoch 61/90   1183 s
seed 1002 n200 prescribed_std stage 2 epoch 62/90   1202 s
seed 1002 n200 prescribed_std stage 2 epoch 63/90   1217 s
seed 1002 n200 prescribed_std stage 2 epoch 64/90   1232 s
seed 1002 n200 prescribed_std stage 2 epoch 65/90   1247 s
seed 1002 n200 prescribed_std stage 2 epoch 66/90   1263 s
seed 1002 n200 prescribed_std stage 2 epoch 67/90   1282 s
seed 1002 n200 prescribed_std stage 2 epoch 68/90   1300 s
seed 1002 n200 prescribed_std stage 2 epoch 69/90   1321 s
seed 1002 n200 prescribed_std stage 2 epoch 70/90   1338 s
seed 1002 n200 prescribed_std stage 2 epoch 71/90   1360 s
seed 1002 n200 prescribed_std stage 2 epoch 72/90   1379 s
seed 1002 n200 prescribed_std stage 2 epoch 73/90   1395 s
seed 1002 n200 prescribed_std stage 2 epoch 74/90   1412 s
seed 1002 n200 prescribed_std stage 2 epoch 75/90   1438 s
seed 1002 n200 prescribed_std stage 2 epoch 76/90   1459 s
seed 1002 n200 prescribed_std stage 2 epoch 77/90   1477 s
seed 1002 n200 prescribed_std stage 2 epoch 78/90   1496 s
seed 1002 n200 prescribed_std stage 2 epoch 79/90   1515 s
seed 1002 n200 prescribed_std stage 2 epoch 80/90   1535 s
seed 1002 n200 prescribed_std stage 2 epoch 81/90   1555 s
seed 1002 n200 prescribed_std stage 2 epoch 82/90   1573 s
seed 1002 n200 prescribed_std stage 2 epoch 83/90   1594 s
seed 1002 n200 prescribed_std stage 2 epoch 84/90   1619 s
seed 1002 n200 prescribed_std stage 2 epoch 85/90   1651 s
seed 1002 n200 prescribed_std stage 2 epoch 86/90   1674 s
seed 1002 n200 prescribed_std stage 2 epoch 87/90   1692 s
seed 1002 n200 prescribed_std stage 2 epoch 88/90   1711 s
seed 1002 n200 prescribed_std stage 2 epoch 89/90   1737 s
seed 1002 n200 prescribed_std stage 2 epoch 90/90   1755 s
seed 1002: written
seed 1006 n25 free_scaled stage 1 epoch  1/90      5 s
seed 1006 n25 free_scaled stage 1 epoch  2/90     11 s
seed 1006 n25 free_scaled stage 1 epoch  3/90     19 s
seed 1006 n25 free_scaled stage 1 epoch  4/90     28 s
seed 1006 n25 free_scaled stage 1 epoch  5/90     36 s
seed 1006 n25 free_scaled stage 1 epoch  6/90     47 s
seed 1006 n25 free_scaled stage 1 epoch  7/90     63 s
seed 1006 n25 free_scaled stage 1 epoch  8/90     76 s
seed 1006 n25 free_scaled stage 1 epoch  9/90     84 s
seed 1006 n25 free_scaled stage 1 epoch 10/90     90 s
seed 1006 n25 free_scaled stage 1 epoch 11/90     96 s
seed 1006 n25 free_scaled stage 1 epoch 12/90    102 s
seed 1006 n25 free_scaled stage 1 epoch 13/90    111 s
seed 1006 n25 free_scaled stage 1 epoch 14/90    118 s
seed 1006 n25 free_scaled stage 1 epoch 15/90    124 s
seed 1006 n25 free_scaled stage 1 epoch 16/90    131 s
seed 1006 n25 free_scaled stage 1 epoch 17/90    147 s
seed 1006 n25 free_scaled stage 1 epoch 18/90    166 s
seed 1006 n25 free_scaled stage 1 epoch 19/90    181 s
seed 1006 n25 free_scaled stage 1 epoch 20/90    195 s
seed 1006 n25 free_scaled stage 1 epoch 21/90    206 s
seed 1006 n25 free_scaled stage 1 epoch 22/90    221 s
seed 1006 n25 free_scaled stage 1 epoch 23/90    236 s
seed 1006 n25 free_scaled stage 1 epoch 24/90    250 s
seed 1006 n25 free_scaled stage 1 epoch 25/90    265 s
seed 1006 n25 free_scaled stage 1 epoch 26/90    282 s
seed 1006 n25 free_scaled stage 1 epoch 27/90    297 s
seed 1006 n25 free_scaled stage 1 epoch 28/90    309 s
seed 1006 n25 free_scaled stage 1 epoch 29/90    321 s
seed 1006 n25 free_scaled stage 1 epoch 30/90    331 s
seed 1006 n25 free_scaled stage 1 epoch 31/90    342 s
seed 1006 n25 free_scaled stage 1 epoch 32/90    351 s
seed 1006 n25 free_scaled stage 1 epoch 33/90    362 s
seed 1006 n25 free_scaled stage 1 epoch 34/90    373 s
seed 1006 n25 free_scaled stage 1 epoch 35/90    383 s
seed 1006 n25 free_scaled stage 1 epoch 36/90    394 s
seed 1006 n25 free_scaled stage 1 epoch 37/90    404 s
seed 1006 n25 free_scaled stage 1 epoch 38/90    415 s
seed 1006 n25 free_scaled stage 1 epoch 39/90    425 s
seed 1006 n25 free_scaled stage 1 epoch 40/90    437 s
seed 1006 n25 free_scaled stage 1 epoch 41/90    447 s
seed 1006 n25 free_scaled stage 1 epoch 42/90    458 s
seed 1006 n25 free_scaled stage 1 epoch 43/90    469 s
seed 1006 n25 free_scaled stage 1 epoch 44/90    478 s
seed 1006 n25 free_scaled stage 1 epoch 45/90    487 s
seed 1006 n25 free_scaled stage 1 epoch 46/90    497 s
seed 1006 n25 free_scaled stage 1 epoch 47/90    507 s
seed 1006 n25 free_scaled stage 1 epoch 48/90    516 s
seed 1006 n25 free_scaled stage 1 epoch 49/90    525 s
seed 1006 n25 free_scaled stage 1 epoch 50/90    536 s
seed 1006 n25 free_scaled stage 1 epoch 51/90    550 s
seed 1006 n25 free_scaled stage 1 epoch 52/90    565 s
seed 1006 n25 free_scaled stage 1 epoch 53/90    576 s
seed 1006 n25 free_scaled stage 1 epoch 54/90    585 s
seed 1006 n25 free_scaled stage 1 epoch 55/90    595 s
seed 1006 n25 free_scaled stage 1 epoch 56/90    605 s
seed 1006 n25 free_scaled stage 1 epoch 57/90    616 s
seed 1006 n25 free_scaled stage 1 epoch 58/90    625 s
seed 1006 n25 free_scaled stage 1 epoch 59/90    634 s
seed 1006 n25 free_scaled stage 1 epoch 60/90    643 s
seed 1006 n25 free_scaled stage 1 epoch 61/90    653 s
seed 1006 n25 free_scaled stage 1 epoch 62/90    663 s
seed 1006 n25 free_scaled stage 1 epoch 63/90    672 s
seed 1006 n25 free_scaled stage 1 epoch 64/90    682 s
seed 1006 n25 free_scaled stage 1 epoch 65/90    692 s
seed 1006 n25 free_scaled stage 1 epoch 66/90    701 s
seed 1006 n25 free_scaled stage 1 epoch 67/90    712 s
seed 1006 n25 free_scaled stage 1 epoch 68/90    727 s
seed 1006 n25 free_scaled stage 1 epoch 69/90    735 s
seed 1006 n25 free_scaled stage 1 epoch 70/90    744 s
seed 1006 n25 free_scaled stage 1 epoch 71/90    752 s
seed 1006 n25 free_scaled stage 1 epoch 72/90    760 s
seed 1006 n25 free_scaled stage 1 epoch 73/90    775 s
seed 1006 n25 free_scaled stage 1 epoch 74/90    788 s
seed 1006 n25 free_scaled stage 1 epoch 75/90    802 s
seed 1006 n25 free_scaled stage 1 epoch 76/90    815 s
seed 1006 n25 free_scaled stage 1 epoch 77/90    826 s
seed 1006 n25 free_scaled stage 1 epoch 78/90    842 s
seed 1006 n25 free_scaled stage 1 epoch 79/90    854 s
seed 1006 n25 free_scaled stage 1 epoch 80/90    869 s
seed 1006 n25 free_scaled stage 1 epoch 81/90    882 s
seed 1006 n25 free_scaled stage 1 epoch 82/90    893 s
seed 1006 n25 free_scaled stage 1 epoch 83/90    904 s
seed 1006 n25 free_scaled stage 1 epoch 84/90    913 s
seed 1006 n25 free_scaled stage 1 epoch 85/90    922 s
seed 1006 n25 free_scaled stage 1 epoch 86/90    933 s
seed 1006 n25 free_scaled stage 1 epoch 87/90    945 s
seed 1006 n25 free_scaled stage 1 epoch 88/90    955 s
seed 1006 n25 free_scaled stage 1 epoch 89/90    965 s
seed 1006 n25 free_scaled stage 1 epoch 90/90    972 s
seed 1006 n25 free_scaled stage 2 epoch  1/90    974 s
seed 1006 n25 free_scaled stage 2 epoch  2/90    976 s
seed 1006 n25 free_scaled stage 2 epoch  3/90    979 s
seed 1006 n25 free_scaled stage 2 epoch  4/90    981 s
seed 1006 n25 free_scaled stage 2 epoch  5/90    983 s
seed 1006 n25 free_scaled stage 2 epoch  6/90    985 s
seed 1006 n25 free_scaled stage 2 epoch  7/90    987 s
seed 1006 n25 free_scaled stage 2 epoch  8/90    989 s
seed 1006 n25 free_scaled stage 2 epoch  9/90    991 s
seed 1006 n25 free_scaled stage 2 epoch 10/90    993 s
seed 1006 n25 free_scaled stage 2 epoch 11/90    995 s
seed 1006 n25 free_scaled stage 2 epoch 12/90    997 s
seed 1006 n25 free_scaled stage 2 epoch 13/90    999 s
seed 1006 n25 free_scaled stage 2 epoch 14/90   1001 s
seed 1006 n25 free_scaled stage 2 epoch 15/90   1003 s
seed 1006 n25 free_scaled stage 2 epoch 16/90   1005 s
seed 1006 n25 free_scaled stage 2 epoch 17/90   1008 s
seed 1006 n25 free_scaled stage 2 epoch 18/90   1010 s
seed 1006 n25 free_scaled stage 2 epoch 19/90   1012 s
seed 1006 n25 free_scaled stage 2 epoch 20/90   1015 s
seed 1006 n25 free_scaled stage 2 epoch 21/90   1018 s
seed 1006 n25 free_scaled stage 2 epoch 22/90   1020 s
seed 1006 n25 free_scaled stage 2 epoch 23/90   1023 s
seed 1006 n25 free_scaled stage 2 epoch 24/90   1025 s
seed 1006 n25 free_scaled stage 2 epoch 25/90   1027 s
seed 1006 n25 free_scaled stage 2 epoch 26/90   1029 s
seed 1006 n25 free_scaled stage 2 epoch 27/90   1031 s
seed 1006 n25 free_scaled stage 2 epoch 28/90   1033 s
seed 1006 n25 free_scaled stage 2 epoch 29/90   1037 s
seed 1006 n25 free_scaled stage 2 epoch 30/90   1040 s
seed 1006 n25 free_scaled stage 2 epoch 31/90   1042 s
seed 1006 n25 free_scaled stage 2 epoch 32/90   1044 s
seed 1006 n25 free_scaled stage 2 epoch 33/90   1046 s
seed 1006 n25 free_scaled stage 2 epoch 34/90   1048 s
seed 1006 n25 free_scaled stage 2 epoch 35/90   1051 s
seed 1006 n25 free_scaled stage 2 epoch 36/90   1053 s
seed 1006 n25 free_scaled stage 2 epoch 37/90   1055 s
seed 1006 n25 free_scaled stage 2 epoch 38/90   1057 s
seed 1006 n25 free_scaled stage 2 epoch 39/90   1060 s
seed 1006 n25 free_scaled stage 2 epoch 40/90   1062 s
seed 1006 n25 free_scaled stage 2 epoch 41/90   1064 s
seed 1006 n25 free_scaled stage 2 epoch 42/90   1066 s
seed 1006 n25 free_scaled stage 2 epoch 43/90   1069 s
seed 1006 n25 free_scaled stage 2 epoch 44/90   1071 s
seed 1006 n25 free_scaled stage 2 epoch 45/90   1075 s
seed 1006 n25 free_scaled stage 2 epoch 46/90   1078 s
seed 1006 n25 free_scaled stage 2 epoch 47/90   1082 s
seed 1006 n25 free_scaled stage 2 epoch 48/90   1086 s
seed 1006 n25 free_scaled stage 2 epoch 49/90   1089 s
seed 1006 n25 free_scaled stage 2 epoch 50/90   1093 s
seed 1006 n25 free_scaled stage 2 epoch 51/90   1097 s
seed 1006 n25 free_scaled stage 2 epoch 52/90   1102 s
seed 1006 n25 free_scaled stage 2 epoch 53/90   1104 s
seed 1006 n25 free_scaled stage 2 epoch 54/90   1106 s
seed 1006 n25 free_scaled stage 2 epoch 55/90   1109 s
seed 1006 n25 free_scaled stage 2 epoch 56/90   1112 s
seed 1006 n25 free_scaled stage 2 epoch 57/90   1116 s
seed 1006 n25 free_scaled stage 2 epoch 58/90   1119 s
seed 1006 n25 free_scaled stage 2 epoch 59/90   1121 s
seed 1006 n25 free_scaled stage 2 epoch 60/90   1124 s
seed 1006 n25 free_scaled stage 2 epoch 61/90   1126 s
seed 1006 n25 free_scaled stage 2 epoch 62/90   1130 s
seed 1006 n25 free_scaled stage 2 epoch 63/90   1136 s
seed 1006 n25 free_scaled stage 2 epoch 64/90   1141 s
seed 1006 n25 free_scaled stage 2 epoch 65/90   1146 s
seed 1006 n25 free_scaled stage 2 epoch 66/90   1150 s
seed 1006 n25 free_scaled stage 2 epoch 67/90   1155 s
seed 1006 n25 free_scaled stage 2 epoch 68/90   1160 s
seed 1006 n25 free_scaled stage 2 epoch 69/90   1163 s
seed 1006 n25 free_scaled stage 2 epoch 70/90   1168 s
seed 1006 n25 free_scaled stage 2 epoch 71/90   1171 s
seed 1006 n25 free_scaled stage 2 epoch 72/90   1176 s
seed 1006 n25 free_scaled stage 2 epoch 73/90   1180 s
seed 1006 n25 free_scaled stage 2 epoch 74/90   1184 s
seed 1006 n25 free_scaled stage 2 epoch 75/90   1187 s
seed 1006 n25 free_scaled stage 2 epoch 76/90   1191 s
seed 1006 n25 free_scaled stage 2 epoch 77/90   1195 s
seed 1006 n25 free_scaled stage 2 epoch 78/90   1198 s
seed 1006 n25 free_scaled stage 2 epoch 79/90   1202 s
seed 1006 n25 free_scaled stage 2 epoch 80/90   1207 s
seed 1006 n25 free_scaled stage 2 epoch 81/90   1211 s
seed 1006 n25 free_scaled stage 2 epoch 82/90   1214 s
seed 1006 n25 free_scaled stage 2 epoch 83/90   1218 s
seed 1006 n25 free_scaled stage 2 epoch 84/90   1222 s
seed 1006 n25 free_scaled stage 2 epoch 85/90   1225 s
seed 1006 n25 free_scaled stage 2 epoch 86/90   1229 s
seed 1006 n25 free_scaled stage 2 epoch 87/90   1232 s
seed 1006 n25 free_scaled stage 2 epoch 88/90   1235 s
seed 1006 n25 free_scaled stage 2 epoch 89/90   1238 s
seed 1006 n25 free_scaled stage 2 epoch 90/90   1242 s
seed 1006 n25 prescribed_std stage 2 epoch  1/90      3 s
seed 1006 n25 prescribed_std stage 2 epoch  2/90      7 s
seed 1006 n25 prescribed_std stage 2 epoch  3/90     10 s
seed 1006 n25 prescribed_std stage 2 epoch  4/90     14 s
seed 1006 n25 prescribed_std stage 2 epoch  5/90     17 s
seed 1006 n25 prescribed_std stage 2 epoch  6/90     20 s
seed 1006 n25 prescribed_std stage 2 epoch  7/90     24 s
seed 1006 n25 prescribed_std stage 2 epoch  8/90     27 s
seed 1006 n25 prescribed_std stage 2 epoch  9/90     30 s
seed 1006 n25 prescribed_std stage 2 epoch 10/90     33 s
seed 1006 n25 prescribed_std stage 2 epoch 11/90     37 s
seed 1006 n25 prescribed_std stage 2 epoch 12/90     40 s
seed 1006 n25 prescribed_std stage 2 epoch 13/90     43 s
seed 1006 n25 prescribed_std stage 2 epoch 14/90     46 s
seed 1006 n25 prescribed_std stage 2 epoch 15/90     50 s
seed 1006 n25 prescribed_std stage 2 epoch 16/90     54 s
seed 1006 n25 prescribed_std stage 2 epoch 17/90     57 s
seed 1006 n25 prescribed_std stage 2 epoch 18/90     61 s
seed 1006 n25 prescribed_std stage 2 epoch 19/90     64 s
seed 1006 n25 prescribed_std stage 2 epoch 20/90     67 s
seed 1006 n25 prescribed_std stage 2 epoch 21/90     71 s
seed 1006 n25 prescribed_std stage 2 epoch 22/90     74 s
seed 1006 n25 prescribed_std stage 2 epoch 23/90     77 s
seed 1006 n25 prescribed_std stage 2 epoch 24/90     81 s
seed 1006 n25 prescribed_std stage 2 epoch 25/90     84 s
seed 1006 n25 prescribed_std stage 2 epoch 26/90     87 s
seed 1006 n25 prescribed_std stage 2 epoch 27/90     90 s
seed 1006 n25 prescribed_std stage 2 epoch 28/90     94 s
seed 1006 n25 prescribed_std stage 2 epoch 29/90     96 s
seed 1006 n25 prescribed_std stage 2 epoch 30/90     99 s
seed 1006 n25 prescribed_std stage 2 epoch 31/90    101 s
seed 1006 n25 prescribed_std stage 2 epoch 32/90    103 s
seed 1006 n25 prescribed_std stage 2 epoch 33/90    105 s
seed 1006 n25 prescribed_std stage 2 epoch 34/90    106 s
seed 1006 n25 prescribed_std stage 2 epoch 35/90    108 s
seed 1006 n25 prescribed_std stage 2 epoch 36/90    110 s
seed 1006 n25 prescribed_std stage 2 epoch 37/90    112 s
seed 1006 n25 prescribed_std stage 2 epoch 38/90    114 s
seed 1006 n25 prescribed_std stage 2 epoch 39/90    117 s
seed 1006 n25 prescribed_std stage 2 epoch 40/90    119 s
seed 1006 n25 prescribed_std stage 2 epoch 41/90    121 s
seed 1006 n25 prescribed_std stage 2 epoch 42/90    125 s
seed 1006 n25 prescribed_std stage 2 epoch 43/90    128 s
seed 1006 n25 prescribed_std stage 2 epoch 44/90    131 s
seed 1006 n25 prescribed_std stage 2 epoch 45/90    133 s
seed 1006 n25 prescribed_std stage 2 epoch 46/90    135 s
seed 1006 n25 prescribed_std stage 2 epoch 47/90    137 s
seed 1006 n25 prescribed_std stage 2 epoch 48/90    139 s
seed 1006 n25 prescribed_std stage 2 epoch 49/90    141 s
seed 1006 n25 prescribed_std stage 2 epoch 50/90    142 s
seed 1006 n25 prescribed_std stage 2 epoch 51/90    145 s
seed 1006 n25 prescribed_std stage 2 epoch 52/90    147 s
seed 1006 n25 prescribed_std stage 2 epoch 53/90    148 s
seed 1006 n25 prescribed_std stage 2 epoch 54/90    150 s
seed 1006 n25 prescribed_std stage 2 epoch 55/90    152 s
seed 1006 n25 prescribed_std stage 2 epoch 56/90    154 s
seed 1006 n25 prescribed_std stage 2 epoch 57/90    156 s
seed 1006 n25 prescribed_std stage 2 epoch 58/90    158 s
seed 1006 n25 prescribed_std stage 2 epoch 59/90    159 s
seed 1006 n25 prescribed_std stage 2 epoch 60/90    162 s
seed 1006 n25 prescribed_std stage 2 epoch 61/90    163 s
seed 1006 n25 prescribed_std stage 2 epoch 62/90    165 s
seed 1006 n25 prescribed_std stage 2 epoch 63/90    167 s
seed 1006 n25 prescribed_std stage 2 epoch 64/90    169 s
seed 1006 n25 prescribed_std stage 2 epoch 65/90    171 s
seed 1006 n25 prescribed_std stage 2 epoch 66/90    174 s
seed 1006 n25 prescribed_std stage 2 epoch 67/90    177 s
seed 1006 n25 prescribed_std stage 2 epoch 68/90    179 s
seed 1006 n25 prescribed_std stage 2 epoch 69/90    181 s
seed 1006 n25 prescribed_std stage 2 epoch 70/90    184 s
seed 1006 n25 prescribed_std stage 2 epoch 71/90    186 s
seed 1006 n25 prescribed_std stage 2 epoch 72/90    188 s
seed 1006 n25 prescribed_std stage 2 epoch 73/90    190 s
seed 1006 n25 prescribed_std stage 2 epoch 74/90    192 s
seed 1006 n25 prescribed_std stage 2 epoch 75/90    194 s
seed 1006 n25 prescribed_std stage 2 epoch 76/90    196 s
seed 1006 n25 prescribed_std stage 2 epoch 77/90    198 s
seed 1006 n25 prescribed_std stage 2 epoch 78/90    200 s
seed 1006 n25 prescribed_std stage 2 epoch 79/90    202 s
seed 1006 n25 prescribed_std stage 2 epoch 80/90    204 s
seed 1006 n25 prescribed_std stage 2 epoch 81/90    206 s
seed 1006 n25 prescribed_std stage 2 epoch 82/90    210 s
seed 1006 n25 prescribed_std stage 2 epoch 83/90    212 s
seed 1006 n25 prescribed_std stage 2 epoch 84/90    215 s
seed 1006 n25 prescribed_std stage 2 epoch 85/90    217 s
seed 1006 n25 prescribed_std stage 2 epoch 86/90    219 s
seed 1006 n25 prescribed_std stage 2 epoch 87/90    221 s
seed 1006 n25 prescribed_std stage 2 epoch 88/90    223 s
seed 1006 n25 prescribed_std stage 2 epoch 89/90    227 s
seed 1006 n25 prescribed_std stage 2 epoch 90/90    229 s
seed 1006 n50 free_scaled stage 1 epoch  1/90     17 s
seed 1006 n50 free_scaled stage 1 epoch  2/90     37 s
seed 1006 n50 free_scaled stage 1 epoch  3/90     49 s
seed 1006 n50 free_scaled stage 1 epoch  4/90     59 s
seed 1006 n50 free_scaled stage 1 epoch  5/90     70 s
seed 1006 n50 free_scaled stage 1 epoch  6/90     81 s
seed 1006 n50 free_scaled stage 1 epoch  7/90     90 s
seed 1006 n50 free_scaled stage 1 epoch  8/90    100 s
seed 1006 n50 free_scaled stage 1 epoch  9/90    109 s
seed 1006 n50 free_scaled stage 1 epoch 10/90    119 s
seed 1006 n50 free_scaled stage 1 epoch 11/90    131 s
seed 1006 n50 free_scaled stage 1 epoch 12/90    140 s
seed 1006 n50 free_scaled stage 1 epoch 13/90    150 s
seed 1006 n50 free_scaled stage 1 epoch 14/90    160 s
seed 1006 n50 free_scaled stage 1 epoch 15/90    169 s
seed 1006 n50 free_scaled stage 1 epoch 16/90    179 s
seed 1006 n50 free_scaled stage 1 epoch 17/90    189 s
seed 1006 n50 free_scaled stage 1 epoch 18/90    198 s
seed 1006 n50 free_scaled stage 1 epoch 19/90    208 s
seed 1006 n50 free_scaled stage 1 epoch 20/90    217 s
seed 1006 n50 free_scaled stage 1 epoch 21/90    227 s
seed 1006 n50 free_scaled stage 1 epoch 22/90    236 s
seed 1006 n50 free_scaled stage 1 epoch 23/90    247 s
seed 1006 n50 free_scaled stage 1 epoch 24/90    256 s
seed 1006 n50 free_scaled stage 1 epoch 25/90    266 s
seed 1006 n50 free_scaled stage 1 epoch 26/90    276 s
seed 1006 n50 free_scaled stage 1 epoch 27/90    286 s
seed 1006 n50 free_scaled stage 1 epoch 28/90    295 s
seed 1006 n50 free_scaled stage 1 epoch 29/90    305 s
seed 1006 n50 free_scaled stage 1 epoch 30/90    316 s
seed 1006 n50 free_scaled stage 1 epoch 31/90    326 s
seed 1006 n50 free_scaled stage 1 epoch 32/90    335 s
seed 1006 n50 free_scaled stage 1 epoch 33/90    345 s
seed 1006 n50 free_scaled stage 1 epoch 34/90    354 s
seed 1006 n50 free_scaled stage 1 epoch 35/90    364 s
seed 1006 n50 free_scaled stage 1 epoch 36/90    373 s
seed 1006 n50 free_scaled stage 1 epoch 37/90    388 s
seed 1006 n50 free_scaled stage 1 epoch 38/90    402 s
seed 1006 n50 free_scaled stage 1 epoch 39/90    414 s
seed 1006 n50 free_scaled stage 1 epoch 40/90    424 s
seed 1006 n50 free_scaled stage 1 epoch 41/90    434 s
seed 1006 n50 free_scaled stage 1 epoch 42/90    450 s
seed 1006 n50 free_scaled stage 1 epoch 43/90    464 s
seed 1006 n50 free_scaled stage 1 epoch 44/90    476 s
seed 1006 n50 free_scaled stage 1 epoch 45/90    486 s
seed 1006 n50 free_scaled stage 1 epoch 46/90    495 s
seed 1006 n50 free_scaled stage 1 epoch 47/90    508 s
seed 1006 n50 free_scaled stage 1 epoch 48/90    520 s
seed 1006 n50 free_scaled stage 1 epoch 49/90    532 s
seed 1006 n50 free_scaled stage 1 epoch 50/90    544 s
seed 1006 n50 free_scaled stage 1 epoch 51/90    554 s
seed 1006 n50 free_scaled stage 1 epoch 52/90    566 s
seed 1006 n50 free_scaled stage 1 epoch 53/90    579 s
seed 1006 n50 free_scaled stage 1 epoch 54/90    592 s
seed 1006 n50 free_scaled stage 1 epoch 55/90    601 s
seed 1006 n50 free_scaled stage 1 epoch 56/90    613 s
seed 1006 n50 free_scaled stage 1 epoch 57/90    626 s
seed 1006 n50 free_scaled stage 1 epoch 58/90    646 s
seed 1006 n50 free_scaled stage 1 epoch 59/90    656 s
seed 1006 n50 free_scaled stage 1 epoch 60/90    666 s
seed 1006 n50 free_scaled stage 1 epoch 61/90    676 s
seed 1006 n50 free_scaled stage 1 epoch 62/90    685 s
seed 1006 n50 free_scaled stage 1 epoch 63/90    696 s
seed 1006 n50 free_scaled stage 1 epoch 64/90    705 s
seed 1006 n50 free_scaled stage 1 epoch 65/90    714 s
seed 1006 n50 free_scaled stage 1 epoch 66/90    724 s
seed 1006 n50 free_scaled stage 1 epoch 67/90    733 s
seed 1006 n50 free_scaled stage 1 epoch 68/90    744 s
seed 1006 n50 free_scaled stage 1 epoch 69/90    753 s
seed 1006 n50 free_scaled stage 1 epoch 70/90    766 s
seed 1006 n50 free_scaled stage 1 epoch 71/90    777 s
seed 1006 n50 free_scaled stage 1 epoch 72/90    788 s
seed 1006 n50 free_scaled stage 1 epoch 73/90    800 s
seed 1006 n50 free_scaled stage 1 epoch 74/90    810 s
seed 1006 n50 free_scaled stage 1 epoch 75/90    821 s
seed 1006 n50 free_scaled stage 1 epoch 76/90    833 s
seed 1006 n50 free_scaled stage 1 epoch 77/90    846 s
seed 1006 n50 free_scaled stage 1 epoch 78/90    857 s
seed 1006 n50 free_scaled stage 1 epoch 79/90    869 s
seed 1006 n50 free_scaled stage 1 epoch 80/90    880 s
seed 1006 n50 free_scaled stage 1 epoch 81/90    892 s
seed 1006 n50 free_scaled stage 1 epoch 82/90    903 s
seed 1006 n50 free_scaled stage 1 epoch 83/90    914 s
seed 1006 n50 free_scaled stage 1 epoch 84/90    925 s
seed 1006 n50 free_scaled stage 1 epoch 85/90    937 s
seed 1006 n50 free_scaled stage 1 epoch 86/90    946 s
seed 1006 n50 free_scaled stage 1 epoch 87/90    956 s
seed 1006 n50 free_scaled stage 1 epoch 88/90    966 s
seed 1006 n50 free_scaled stage 1 epoch 89/90    975 s
seed 1006 n50 free_scaled stage 1 epoch 90/90    984 s
seed 1006 n50 free_scaled stage 2 epoch  1/90    988 s
seed 1006 n50 free_scaled stage 2 epoch  2/90    991 s
seed 1006 n50 free_scaled stage 2 epoch  3/90    995 s
seed 1006 n50 free_scaled stage 2 epoch  4/90    998 s
seed 1006 n50 free_scaled stage 2 epoch  5/90   1002 s
seed 1006 n50 free_scaled stage 2 epoch  6/90   1006 s
seed 1006 n50 free_scaled stage 2 epoch  7/90   1009 s
seed 1006 n50 free_scaled stage 2 epoch  8/90   1013 s
seed 1006 n50 free_scaled stage 2 epoch  9/90   1016 s
seed 1006 n50 free_scaled stage 2 epoch 10/90   1020 s
seed 1006 n50 free_scaled stage 2 epoch 11/90   1024 s
seed 1006 n50 free_scaled stage 2 epoch 12/90   1029 s
seed 1006 n50 free_scaled stage 2 epoch 13/90   1034 s
seed 1006 n50 free_scaled stage 2 epoch 14/90   1040 s
seed 1006 n50 free_scaled stage 2 epoch 15/90   1043 s
seed 1006 n50 free_scaled stage 2 epoch 16/90   1047 s
seed 1006 n50 free_scaled stage 2 epoch 17/90   1051 s
seed 1006 n50 free_scaled stage 2 epoch 18/90   1055 s
seed 1006 n50 free_scaled stage 2 epoch 19/90   1059 s
seed 1006 n50 free_scaled stage 2 epoch 20/90   1062 s
seed 1006 n50 free_scaled stage 2 epoch 21/90   1066 s
seed 1006 n50 free_scaled stage 2 epoch 22/90   1069 s
seed 1006 n50 free_scaled stage 2 epoch 23/90   1073 s
seed 1006 n50 free_scaled stage 2 epoch 24/90   1078 s
seed 1006 n50 free_scaled stage 2 epoch 25/90   1082 s
seed 1006 n50 free_scaled stage 2 epoch 26/90   1086 s
seed 1006 n50 free_scaled stage 2 epoch 27/90   1090 s
seed 1006 n50 free_scaled stage 2 epoch 28/90   1094 s
seed 1006 n50 free_scaled stage 2 epoch 29/90   1097 s
seed 1006 n50 free_scaled stage 2 epoch 30/90   1101 s
seed 1006 n50 free_scaled stage 2 epoch 31/90   1104 s
seed 1006 n50 free_scaled stage 2 epoch 32/90   1107 s
seed 1006 n50 free_scaled stage 2 epoch 33/90   1111 s
seed 1006 n50 free_scaled stage 2 epoch 34/90   1116 s
seed 1006 n50 free_scaled stage 2 epoch 35/90   1120 s
seed 1006 n50 free_scaled stage 2 epoch 36/90   1124 s
seed 1006 n50 free_scaled stage 2 epoch 37/90   1128 s
seed 1006 n50 free_scaled stage 2 epoch 38/90   1131 s
seed 1006 n50 free_scaled stage 2 epoch 39/90   1135 s
seed 1006 n50 free_scaled stage 2 epoch 40/90   1139 s
seed 1006 n50 free_scaled stage 2 epoch 41/90   1143 s
seed 1006 n50 free_scaled stage 2 epoch 42/90   1147 s
seed 1006 n50 free_scaled stage 2 epoch 43/90   1151 s
seed 1006 n50 free_scaled stage 2 epoch 44/90   1154 s
seed 1006 n50 free_scaled stage 2 epoch 45/90   1158 s
seed 1006 n50 free_scaled stage 2 epoch 46/90   1162 s
seed 1006 n50 free_scaled stage 2 epoch 47/90   1165 s
seed 1006 n50 free_scaled stage 2 epoch 48/90   1169 s
seed 1006 n50 free_scaled stage 2 epoch 49/90   1174 s
seed 1006 n50 free_scaled stage 2 epoch 50/90   1178 s
seed 1006 n50 free_scaled stage 2 epoch 51/90   1182 s
seed 1006 n50 free_scaled stage 2 epoch 52/90   1186 s
seed 1006 n50 free_scaled stage 2 epoch 53/90   1190 s
seed 1006 n50 free_scaled stage 2 epoch 54/90   1196 s
seed 1006 n50 free_scaled stage 2 epoch 55/90   1202 s
seed 1006 n50 free_scaled stage 2 epoch 56/90   1206 s
seed 1006 n50 free_scaled stage 2 epoch 57/90   1210 s
seed 1006 n50 free_scaled stage 2 epoch 58/90   1214 s
seed 1006 n50 free_scaled stage 2 epoch 59/90   1217 s
seed 1006 n50 free_scaled stage 2 epoch 60/90   1221 s
seed 1006 n50 free_scaled stage 2 epoch 61/90   1225 s
seed 1006 n50 free_scaled stage 2 epoch 62/90   1228 s
seed 1006 n50 free_scaled stage 2 epoch 63/90   1232 s
seed 1006 n50 free_scaled stage 2 epoch 64/90   1238 s
seed 1006 n50 free_scaled stage 2 epoch 65/90   1242 s
seed 1006 n50 free_scaled stage 2 epoch 66/90   1245 s
seed 1006 n50 free_scaled stage 2 epoch 67/90   1250 s
seed 1006 n50 free_scaled stage 2 epoch 68/90   1255 s
seed 1006 n50 free_scaled stage 2 epoch 69/90   1261 s
seed 1006 n50 free_scaled stage 2 epoch 70/90   1265 s
seed 1006 n50 free_scaled stage 2 epoch 71/90   1269 s
seed 1006 n50 free_scaled stage 2 epoch 72/90   1272 s
seed 1006 n50 free_scaled stage 2 epoch 73/90   1276 s
seed 1006 n50 free_scaled stage 2 epoch 74/90   1280 s
seed 1006 n50 free_scaled stage 2 epoch 75/90   1284 s
seed 1006 n50 free_scaled stage 2 epoch 76/90   1289 s
seed 1006 n50 free_scaled stage 2 epoch 77/90   1293 s
seed 1006 n50 free_scaled stage 2 epoch 78/90   1297 s
seed 1006 n50 free_scaled stage 2 epoch 79/90   1301 s
seed 1006 n50 free_scaled stage 2 epoch 80/90   1305 s
seed 1006 n50 free_scaled stage 2 epoch 81/90   1310 s
seed 1006 n50 free_scaled stage 2 epoch 82/90   1314 s
seed 1006 n50 free_scaled stage 2 epoch 83/90   1319 s
seed 1006 n50 free_scaled stage 2 epoch 84/90   1324 s
seed 1006 n50 free_scaled stage 2 epoch 85/90   1329 s
seed 1006 n50 free_scaled stage 2 epoch 86/90   1335 s
seed 1006 n50 free_scaled stage 2 epoch 87/90   1343 s
seed 1006 n50 free_scaled stage 2 epoch 88/90   1347 s
seed 1006 n50 free_scaled stage 2 epoch 89/90   1353 s
seed 1006 n50 free_scaled stage 2 epoch 90/90   1358 s
seed 1006 n50 prescribed_std stage 2 epoch  1/90      4 s
seed 1006 n50 prescribed_std stage 2 epoch  2/90      8 s
seed 1006 n50 prescribed_std stage 2 epoch  3/90     13 s
seed 1006 n50 prescribed_std stage 2 epoch  4/90     18 s
seed 1006 n50 prescribed_std stage 2 epoch  5/90     22 s
seed 1006 n50 prescribed_std stage 2 epoch  6/90     26 s
seed 1006 n50 prescribed_std stage 2 epoch  7/90     30 s
seed 1006 n50 prescribed_std stage 2 epoch  8/90     34 s
seed 1006 n50 prescribed_std stage 2 epoch  9/90     38 s
seed 1006 n50 prescribed_std stage 2 epoch 10/90     42 s
seed 1006 n50 prescribed_std stage 2 epoch 11/90     47 s
seed 1006 n50 prescribed_std stage 2 epoch 12/90     51 s
seed 1006 n50 prescribed_std stage 2 epoch 13/90     57 s
seed 1006 n50 prescribed_std stage 2 epoch 14/90     61 s
seed 1006 n50 prescribed_std stage 2 epoch 15/90     68 s
seed 1006 n50 prescribed_std stage 2 epoch 16/90     74 s
seed 1006 n50 prescribed_std stage 2 epoch 17/90     79 s
seed 1006 n50 prescribed_std stage 2 epoch 18/90     84 s
seed 1006 n50 prescribed_std stage 2 epoch 19/90     88 s
seed 1006 n50 prescribed_std stage 2 epoch 20/90     92 s
seed 1006 n50 prescribed_std stage 2 epoch 21/90     95 s
seed 1006 n50 prescribed_std stage 2 epoch 22/90     99 s
seed 1006 n50 prescribed_std stage 2 epoch 23/90    102 s
seed 1006 n50 prescribed_std stage 2 epoch 24/90    106 s
seed 1006 n50 prescribed_std stage 2 epoch 25/90    109 s
seed 1006 n50 prescribed_std stage 2 epoch 26/90    112 s
seed 1006 n50 prescribed_std stage 2 epoch 27/90    116 s
seed 1006 n50 prescribed_std stage 2 epoch 28/90    119 s
seed 1006 n50 prescribed_std stage 2 epoch 29/90    123 s
seed 1006 n50 prescribed_std stage 2 epoch 30/90    127 s
seed 1006 n50 prescribed_std stage 2 epoch 31/90    131 s
seed 1006 n50 prescribed_std stage 2 epoch 32/90    135 s
seed 1006 n50 prescribed_std stage 2 epoch 33/90    138 s
seed 1006 n50 prescribed_std stage 2 epoch 34/90    142 s
seed 1006 n50 prescribed_std stage 2 epoch 35/90    145 s
seed 1006 n50 prescribed_std stage 2 epoch 36/90    149 s
seed 1006 n50 prescribed_std stage 2 epoch 37/90    152 s
seed 1006 n50 prescribed_std stage 2 epoch 38/90    156 s
seed 1006 n50 prescribed_std stage 2 epoch 39/90    159 s
seed 1006 n50 prescribed_std stage 2 epoch 40/90    162 s
seed 1006 n50 prescribed_std stage 2 epoch 41/90    166 s
seed 1006 n50 prescribed_std stage 2 epoch 42/90    169 s
seed 1006 n50 prescribed_std stage 2 epoch 43/90    172 s
seed 1006 n50 prescribed_std stage 2 epoch 44/90    176 s
seed 1006 n50 prescribed_std stage 2 epoch 45/90    179 s
seed 1006 n50 prescribed_std stage 2 epoch 46/90    183 s
seed 1006 n50 prescribed_std stage 2 epoch 47/90    186 s
seed 1006 n50 prescribed_std stage 2 epoch 48/90    190 s
seed 1006 n50 prescribed_std stage 2 epoch 49/90    194 s
seed 1006 n50 prescribed_std stage 2 epoch 50/90    197 s
seed 1006 n50 prescribed_std stage 2 epoch 51/90    201 s
seed 1006 n50 prescribed_std stage 2 epoch 52/90    205 s
seed 1006 n50 prescribed_std stage 2 epoch 53/90    210 s
seed 1006 n50 prescribed_std stage 2 epoch 54/90    213 s
seed 1006 n50 prescribed_std stage 2 epoch 55/90    217 s
seed 1006 n50 prescribed_std stage 2 epoch 56/90    222 s
seed 1006 n50 prescribed_std stage 2 epoch 57/90    225 s
seed 1006 n50 prescribed_std stage 2 epoch 58/90    229 s
seed 1006 n50 prescribed_std stage 2 epoch 59/90    233 s
seed 1006 n50 prescribed_std stage 2 epoch 60/90    237 s
seed 1006 n50 prescribed_std stage 2 epoch 61/90    241 s
seed 1006 n50 prescribed_std stage 2 epoch 62/90    245 s
seed 1006 n50 prescribed_std stage 2 epoch 63/90    248 s
seed 1006 n50 prescribed_std stage 2 epoch 64/90    252 s
seed 1006 n50 prescribed_std stage 2 epoch 65/90    255 s
seed 1006 n50 prescribed_std stage 2 epoch 66/90    258 s
seed 1006 n50 prescribed_std stage 2 epoch 67/90    262 s
seed 1006 n50 prescribed_std stage 2 epoch 68/90    265 s
seed 1006 n50 prescribed_std stage 2 epoch 69/90    268 s
seed 1006 n50 prescribed_std stage 2 epoch 70/90    272 s
seed 1006 n50 prescribed_std stage 2 epoch 71/90    276 s
seed 1006 n50 prescribed_std stage 2 epoch 72/90    280 s
seed 1006 n50 prescribed_std stage 2 epoch 73/90    284 s
seed 1006 n50 prescribed_std stage 2 epoch 74/90    287 s
seed 1006 n50 prescribed_std stage 2 epoch 75/90    291 s
seed 1006 n50 prescribed_std stage 2 epoch 76/90    294 s
seed 1006 n50 prescribed_std stage 2 epoch 77/90    297 s
seed 1006 n50 prescribed_std stage 2 epoch 78/90    301 s
seed 1006 n50 prescribed_std stage 2 epoch 79/90    304 s
seed 1006 n50 prescribed_std stage 2 epoch 80/90    307 s
seed 1006 n50 prescribed_std stage 2 epoch 81/90    311 s
seed 1006 n50 prescribed_std stage 2 epoch 82/90    314 s
seed 1006 n50 prescribed_std stage 2 epoch 83/90    318 s
seed 1006 n50 prescribed_std stage 2 epoch 84/90    321 s
seed 1006 n50 prescribed_std stage 2 epoch 85/90    325 s
seed 1006 n50 prescribed_std stage 2 epoch 86/90    328 s
seed 1006 n50 prescribed_std stage 2 epoch 87/90    331 s
seed 1006 n50 prescribed_std stage 2 epoch 88/90    335 s
seed 1006 n50 prescribed_std stage 2 epoch 89/90    338 s
seed 1006 n50 prescribed_std stage 2 epoch 90/90    341 s
seed 1006 n200 prescribed_std stage 2 epoch  1/90     13 s
seed 1006 n200 prescribed_std stage 2 epoch  2/90     27 s
seed 1006 n200 prescribed_std stage 2 epoch  3/90     40 s
seed 1006 n200 prescribed_std stage 2 epoch  4/90     54 s
seed 1006 n200 prescribed_std stage 2 epoch  5/90     67 s
seed 1006 n200 prescribed_std stage 2 epoch  6/90     81 s
seed 1006 n200 prescribed_std stage 2 epoch  7/90     95 s
seed 1006 n200 prescribed_std stage 2 epoch  8/90    108 s
seed 1006 n200 prescribed_std stage 2 epoch  9/90    122 s
seed 1006 n200 prescribed_std stage 2 epoch 10/90    135 s
seed 1006 n200 prescribed_std stage 2 epoch 11/90    149 s
seed 1006 n200 prescribed_std stage 2 epoch 12/90    162 s
seed 1006 n200 prescribed_std stage 2 epoch 13/90    176 s
seed 1006 n200 prescribed_std stage 2 epoch 14/90    189 s
seed 1006 n200 prescribed_std stage 2 epoch 15/90    202 s
seed 1006 n200 prescribed_std stage 2 epoch 16/90    216 s
seed 1006 n200 prescribed_std stage 2 epoch 17/90    229 s
seed 1006 n200 prescribed_std stage 2 epoch 18/90    243 s
seed 1006 n200 prescribed_std stage 2 epoch 19/90    256 s
seed 1006 n200 prescribed_std stage 2 epoch 20/90    270 s
seed 1006 n200 prescribed_std stage 2 epoch 21/90    284 s
seed 1006 n200 prescribed_std stage 2 epoch 22/90    297 s
seed 1006 n200 prescribed_std stage 2 epoch 23/90    311 s
seed 1006 n200 prescribed_std stage 2 epoch 24/90    324 s
seed 1006 n200 prescribed_std stage 2 epoch 25/90    338 s
seed 1006 n200 prescribed_std stage 2 epoch 26/90    351 s
seed 1006 n200 prescribed_std stage 2 epoch 27/90    365 s
seed 1006 n200 prescribed_std stage 2 epoch 28/90    378 s
seed 1006 n200 prescribed_std stage 2 epoch 29/90    392 s
seed 1006 n200 prescribed_std stage 2 epoch 30/90    405 s
seed 1006 n200 prescribed_std stage 2 epoch 31/90    419 s
seed 1006 n200 prescribed_std stage 2 epoch 32/90    432 s
seed 1006 n200 prescribed_std stage 2 epoch 33/90    446 s
seed 1006 n200 prescribed_std stage 2 epoch 34/90    459 s
seed 1006 n200 prescribed_std stage 2 epoch 35/90    473 s
seed 1006 n200 prescribed_std stage 2 epoch 36/90    486 s
seed 1006 n200 prescribed_std stage 2 epoch 37/90    500 s
seed 1006 n200 prescribed_std stage 2 epoch 38/90    515 s
seed 1006 n200 prescribed_std stage 2 epoch 39/90    529 s
seed 1006 n200 prescribed_std stage 2 epoch 40/90    544 s
seed 1006 n200 prescribed_std stage 2 epoch 41/90    559 s
seed 1006 n200 prescribed_std stage 2 epoch 42/90    574 s
seed 1006 n200 prescribed_std stage 2 epoch 43/90    591 s
seed 1006 n200 prescribed_std stage 2 epoch 44/90    609 s
seed 1006 n200 prescribed_std stage 2 epoch 45/90    631 s
seed 1006 n200 prescribed_std stage 2 epoch 46/90    648 s
seed 1006 n200 prescribed_std stage 2 epoch 47/90    664 s
seed 1006 n200 prescribed_std stage 2 epoch 48/90    680 s
seed 1006 n200 prescribed_std stage 2 epoch 49/90    698 s
seed 1006 n200 prescribed_std stage 2 epoch 50/90    713 s
seed 1006 n200 prescribed_std stage 2 epoch 51/90    728 s
seed 1006 n200 prescribed_std stage 2 epoch 52/90    743 s
seed 1006 n200 prescribed_std stage 2 epoch 53/90    762 s
seed 1006 n200 prescribed_std stage 2 epoch 54/90    781 s
seed 1006 n200 prescribed_std stage 2 epoch 55/90    798 s
seed 1006 n200 prescribed_std stage 2 epoch 56/90    813 s
seed 1006 n200 prescribed_std stage 2 epoch 57/90    829 s
seed 1006 n200 prescribed_std stage 2 epoch 58/90    844 s
seed 1006 n200 prescribed_std stage 2 epoch 59/90    859 s
seed 1006 n200 prescribed_std stage 2 epoch 60/90    873 s
seed 1006 n200 prescribed_std stage 2 epoch 61/90    887 s
seed 1006 n200 prescribed_std stage 2 epoch 62/90    910 s
seed 1006 n200 prescribed_std stage 2 epoch 63/90    935 s
seed 1006 n200 prescribed_std stage 2 epoch 64/90    957 s
seed 1006 n200 prescribed_std stage 2 epoch 65/90    977 s
seed 1006 n200 prescribed_std stage 2 epoch 66/90    992 s
seed 1006 n200 prescribed_std stage 2 epoch 67/90   1012 s
seed 1006 n200 prescribed_std stage 2 epoch 68/90   1028 s
seed 1006 n200 prescribed_std stage 2 epoch 69/90   1042 s
seed 1006 n200 prescribed_std stage 2 epoch 70/90   1055 s
seed 1006 n200 prescribed_std stage 2 epoch 71/90   1079 s
seed 1006 n200 prescribed_std stage 2 epoch 72/90   1103 s
seed 1006 n200 prescribed_std stage 2 epoch 73/90   1128 s
seed 1006 n200 prescribed_std stage 2 epoch 74/90   1153 s
seed 1006 n200 prescribed_std stage 2 epoch 75/90   1194 s
seed 1006 n200 prescribed_std stage 2 epoch 76/90   1236 s
seed 1006 n200 prescribed_std stage 2 epoch 77/90   1264 s
seed 1006 n200 prescribed_std stage 2 epoch 78/90   1295 s
seed 1006 n200 prescribed_std stage 2 epoch 79/90   1328 s
seed 1006 n200 prescribed_std stage 2 epoch 80/90   1352 s
seed 1006 n200 prescribed_std stage 2 epoch 81/90   1376 s
seed 1006 n200 prescribed_std stage 2 epoch 82/90   1400 s
seed 1006 n200 prescribed_std stage 2 epoch 83/90   1430 s
seed 1006 n200 prescribed_std stage 2 epoch 84/90   1455 s
seed 1006 n200 prescribed_std stage 2 epoch 85/90   1480 s
seed 1006 n200 prescribed_std stage 2 epoch 86/90   1507 s
seed 1006 n200 prescribed_std stage 2 epoch 87/90   1530 s
seed 1006 n200 prescribed_std stage 2 epoch 88/90   1556 s
seed 1006 n200 prescribed_std stage 2 epoch 89/90   1579 s
seed 1006 n200 prescribed_std stage 2 epoch 90/90   1602 s
seed 1006: written
