nohup: ignoring input
seed 777 n25 free_scaled stage 1 epoch  1/90     10 s
seed 777 n25 free_scaled stage 1 epoch  2/90     15 s
seed 777 n25 free_scaled stage 1 epoch  3/90     20 s
seed 777 n25 free_scaled stage 1 epoch  4/90     25 s
seed 777 n25 free_scaled stage 1 epoch  5/90     30 s
seed 777 n25 free_scaled stage 1 epoch  6/90     34 s
seed 777 n25 free_scaled stage 1 epoch  7/90     38 s
seed 777 n25 free_scaled stage 1 epoch  8/90     45 s
seed 777 n25 free_scaled stage 1 epoch  9/90     50 s
seed 777 n25 free_scaled stage 1 epoch 10/90     54 s
seed 777 n25 free_scaled stage 1 epoch 11/90     60 s
seed 777 n25 free_scaled stage 1 epoch 12/90     68 s
seed 777 n25 free_scaled stage 1 epoch 13/90     73 s
seed 777 n25 free_scaled stage 1 epoch 14/90     79 s
seed 777 n25 free_scaled stage 1 epoch 15/90     83 s
seed 777 n25 free_scaled stage 1 epoch 16/90     88 s
seed 777 n25 free_scaled stage 1 epoch 17/90     94 s
seed 777 n25 free_scaled stage 1 epoch 18/90    100 s
seed 777 n25 free_scaled stage 1 epoch 19/90    107 s
seed 777 n25 free_scaled stage 1 epoch 20/90    112 s
seed 777 n25 free_scaled stage 1 epoch 21/90    117 s
seed 777 n25 free_scaled stage 1 epoch 22/90    123 s
seed 777 n25 free_scaled stage 1 epoch 23/90    133 s
seed 777 n25 free_scaled stage 1 epoch 24/90    142 s
seed 777 n25 free_scaled stage 1 epoch 25/90    156 s
seed 777 n25 free_scaled stage 1 epoch 26/90    168 s
seed 777 n25 free_scaled stage 1 epoch 27/90    176 s
seed 777 n25 free_scaled stage 1 epoch 28/90    183 s
seed 777 n25 free_scaled stage 1 epoch 29/90    189 s
seed 777 n25 free_scaled stage 1 epoch 30/90    194 s
seed 777 n25 free_scaled stage 1 epoch 31/90    200 s
seed 777 n25 free_scaled stage 1 epoch 32/90    206 s
seed 777 n25 free_scaled stage 1 epoch 33/90    212 s
seed 777 n25 free_scaled stage 1 epoch 34/90    216 s
seed 777 n25 free_scaled stage 1 epoch 35/90    222 s
seed 777 n25 free_scaled stage 1 epoch 36/90    229 s
seed 777 n25 free_scaled stage 1 epoch 37/90    233 s
seed 777 n25 free_scaled stage 1 epoch 38/90    238 s
seed 777 n25 free_scaled stage 1 epoch 39/90    243 s
seed 777 n25 free_scaled stage 1 epoch 40/90    249 s
seed 777 n25 free_scaled stage 1 epoch 41/90    254 s
seed 777 n25 free_scaled stage 1 epoch 42/90    260 s
seed 777 n25 free_scaled stage 1 epoch 43/90    266 s
seed 777 n25 free_scaled stage 1 epoch 44/90    274 s
seed 777 n25 free_scaled stage 1 epoch 45/90    280 s
seed 777 n25 free_scaled stage 1 epoch 46/90    286 s
seed 777 n25 free_scaled stage 1 epoch 47/90    291 s
seed 777 n25 free_scaled stage 1 epoch 48/90    296 s
seed 777 n25 free_scaled stage 1 epoch 49/90    301 s
seed 777 n25 free_scaled stage 1 epoch 50/90    305 s
seed 777 n25 free_scaled stage 1 epoch 51/90    310 s
seed 777 n25 free_scaled stage 1 epoch 52/90    317 s
seed 777 n25 free_scaled stage 1 epoch 53/90    323 s
seed 777 n25 free_scaled stage 1 epoch 54/90    330 s
seed 777 n25 free_scaled stage 1 epoch 55/90    337 s
seed 777 n25 free_scaled stage 1 epoch 56/90    342 s
seed 777 n25 free_scaled stage 1 epoch 57/90    347 s
seed 777 n25 free_scaled stage 1 epoch 58/90    354 s
seed 777 n25 free_scaled stage 1 epoch 59/90    360 s
seed 777 n25 free_scaled stage 1 epoch 60/90    365 s
seed 777 n25 free_scaled stage 1 epoch 61/90    370 s
seed 777 n25 free_scaled stage 1 epoch 62/90    374 s
seed 777 n25 free_scaled stage 1 epoch 63/90    379 s
seed 777 n25 free_scaled stage 1 epoch 64/90    384 s
seed 777 n25 free_scaled stage 1 epoch 65/90    389 s
seed 777 n25 free_scaled stage 1 epoch 66/90    394 s
seed 777 n25 free_scaled stage 1 epoch 67/90    399 s
seed 777 n25 free_scaled stage 1 epoch 68/90    404 s
seed 777 n25 free_scaled stage 1 epoch 69/90    409 s
seed 777 n25 free_scaled stage 1 epoch 70/90    415 s
seed 777 n25 free_scaled stage 1 epoch 71/90    421 s
seed 777 n25 free_scaled stage 1 epoch 72/90    427 s
seed 777 n25 free_scaled stage 1 epoch 73/90    434 s
seed 777 n25 free_scaled stage 1 epoch 74/90    443 s
seed 777 n25 free_scaled stage 1 epoch 75/90    449 s
seed 777 n25 free_scaled stage 1 epoch 76/90    456 s
seed 777 n25 free_scaled stage 1 epoch 77/90    462 s
seed 777 n25 free_scaled stage 1 epoch 78/90    467 s
seed 777 n25 free_scaled stage 1 epoch 79/90    471 s
seed 777 n25 free_scaled stage 1 epoch 80/90    475 s
seed 777 n25 free_scaled stage 1 epoch 81/90    480 s
seed 777 n25 free_scaled stage 1 epoch 82/90    484 s
seed 777 n25 free_scaled stage 1 epoch 83/90    489 s
seed 777 n25 free_scaled stage 1 epoch 84/90    494 s
seed 777 n25 free_scaled stage 1 epoch 85/90    499 s
seed 777 n25 free_scaled stage 1 epoch 86/90    503 s
seed 777 n25 free_scaled stage 1 epoch 87/90    508 s
seed 777 n25 free_scaled stage 1 epoch 88/90    512 s
seed 777 n25 free_scaled stage 1 epoch 89/90    517 s
seed 777 n25 free_scaled stage 1 epoch 90/90    521 s
seed 777 n25 free_scaled stage 2 epoch  1/90    523 s
seed 777 n25 free_scaled stage 2 epoch  2/90    525 s
seed 777 n25 free_scaled stage 2 epoch  3/90    527 s
seed 777 n25 free_scaled stage 2 epoch  4/90    530 s
seed 777 n25 free_scaled stage 2 epoch  5/90    532 s
seed 777 n25 free_scaled stage 2 epoch  6/90    534 s
seed 777 n25 free_scaled stage 2 epoch  7/90    537 s
seed 777 n25 free_scaled stage 2 epoch  8/90    538 s
seed 777 n25 free_scaled stage 2 epoch  9/90    541 s
seed 777 n25 free_scaled stage 2 epoch 10/90    544 s
seed 777 n25 free_scaled stage 2 epoch 11/90    548 s
seed 777 n25 free_scaled stage 2 epoch 12/90    550 s
seed 777 n25 free_scaled stage 2 epoch 13/90    552 s
seed 777 n25 free_scaled stage 2 epoch 14/90    555 s
seed 777 n25 free_scaled stage 2 epoch 15/90    558 s
seed 777 n25 free_scaled stage 2 epoch 16/90    560 s
seed 777 n25 free_scaled stage 2 epoch 17/90    563 s
seed 777 n25 free_scaled stage 2 epoch 18/90    567 s
seed 777 n25 free_scaled stage 2 epoch 19/90    571 s
seed 777 n25 free_scaled stage 2 epoch 20/90    572 s
seed 777 n25 free_scaled stage 2 epoch 21/90    574 s
seed 777 n25 free_scaled stage 2 epoch 22/90    577 s
seed 777 n25 free_scaled stage 2 epoch 23/90    579 s
seed 777 n25 free_scaled stage 2 epoch 24/90    581 s
seed 777 n25 free_scaled stage 2 epoch 25/90    584 s
seed 777 n25 free_scaled stage 2 epoch 26/90    586 s
seed 777 n25 free_scaled stage 2 epoch 27/90    588 s
seed 777 n25 free_scaled stage 2 epoch 28/90    590 s
seed 777 n25 free_scaled stage 2 epoch 29/90    592 s
seed 777 n25 free_scaled stage 2 epoch 30/90    595 s
seed 777 n25 free_scaled stage 2 epoch 31/90    597 s
seed 777 n25 free_scaled stage 2 epoch 32/90    599 s
seed 777 n25 free_scaled stage 2 epoch 33/90    601 s
seed 777 n25 free_scaled stage 2 epoch 34/90    603 s
seed 777 n25 free_scaled stage 2 epoch 35/90    605 s
seed 777 n25 free_scaled stage 2 epoch 36/90    607 s
seed 777 n25 free_scaled stage 2 epoch 37/90    610 s
seed 777 n25 free_scaled stage 2 epoch 38/90    612 s
seed 777 n25 free_scaled stage 2 epoch 39/90    614 s
seed 777 n25 free_scaled stage 2 epoch 40/90    617 s
seed 777 n25 free_scaled stage 2 epoch 41/90    620 s
seed 777 n25 free_scaled stage 2 epoch 42/90    623 s
seed 777 n25 free_scaled stage 2 epoch 43/90    625 s
seed 777 n25 free_scaled stage 2 epoch 44/90    628 s
seed 777 n25 free_scaled stage 2 epoch 45/90    632 s
seed 777 n25 free_scaled stage 2 epoch 46/90    634 s
seed 777 n25 free_scaled stage 2 epoch 47/90    636 s
seed 777 n25 free_scaled stage 2 epoch 48/90    638 s
seed 777 n25 free_scaled stage 2 epoch 49/90    640 s
seed 777 n25 free_scaled stage 2 epoch 50/90    642 s
seed 777 n25 free_scaled stage 2 epoch 51/90    644 s
seed 777 n25 free_scaled stage 2 epoch 52/90    648 s
seed 777 n25 free_scaled stage 2 epoch 53/90    651 s
seed 777 n25 free_scaled stage 2 epoch 54/90    653 s
seed 777 n25 free_scaled stage 2 epoch 55/90    656 s
seed 777 n25 free_scaled stage 2 epoch 56/90    658 s
seed 777 n25 free_scaled stage 2 epoch 57/90    660 s
seed 777 n25 free_scaled stage 2 epoch 58/90    662 s
seed 777 n25 free_scaled stage 2 epoch 59/90    664 s
seed 777 n25 free_scaled stage 2 epoch 60/90    665 s
seed 777 n25 free_scaled stage 2 epoch 61/90    668 s
seed 777 n25 free_scaled stage 2 epoch 62/90    671 s
seed 777 n25 free_scaled stage 2 epoch 63/90    673 s
seed 777 n25 free_scaled stage 2 epoch 64/90    675 s
seed 777 n25 free_scaled stage 2 epoch 65/90    679 s
seed 777 n25 free_scaled stage 2 epoch 66/90    682 s
seed 777 n25 free_scaled stage 2 epoch 67/90    684 s
seed 777 n25 free_scaled stage 2 epoch 68/90    686 s
seed 777 n25 free_scaled stage 2 epoch 69/90    688 s
seed 777 n25 free_scaled stage 2 epoch 70/90    690 s
seed 777 n25 free_scaled stage 2 epoch 71/90    692 s
seed 777 n25 free_scaled stage 2 epoch 72/90    694 s
seed 777 n25 free_scaled stage 2 epoch 73/90    696 s
seed 777 n25 free_scaled stage 2 epoch 74/90    698 s
seed 777 n25 free_scaled stage 2 epoch 75/90    702 s
seed 777 n25 free_scaled stage 2 epoch 76/90    704 s
seed 777 n25 free_scaled stage 2 epoch 77/90    706 s
seed 777 n25 free_scaled stage 2 epoch 78/90    712 s
seed 777 n25 free_scaled stage 2 epoch 79/90    714 s
seed 777 n25 free_scaled stage 2 epoch 80/90    716 s
seed 777 n25 free_scaled stage 2 epoch 81/90    720 s
seed 777 n25 free_scaled stage 2 epoch 82/90    722 s
seed 777 n25 free_scaled stage 2 epoch 83/90    725 s
seed 777 n25 free_scaled stage 2 epoch 84/90    728 s
seed 777 n25 free_scaled stage 2 epoch 85/90    731 s
seed 777 n25 free_scaled stage 2 epoch 86/90    733 s
seed 777 n25 free_scaled stage 2 epoch 87/90    736 s
seed 777 n25 free_scaled stage 2 epoch 88/90    738 s
seed 777 n25 free_scaled stage 2 epoch 89/90    741 s
seed 777 n25 free_scaled stage 2 epoch 90/90    745 s
seed 777 n25 prescribed_std stage 2 epoch  1/90      2 s
seed 777 n25 prescribed_std stage 2 epoch  2/90      4 s
seed 777 n25 prescribed_std stage 2 epoch  3/90      7 s
seed 777 n25 prescribed_std stage 2 epoch  4/90     11 s
seed 777 n25 prescribed_std stage 2 epoch  5/90     15 s
seed 777 n25 prescribed_std stage 2 epoch  6/90     19 s
seed 777 n25 prescribed_std stage 2 epoch  7/90     25 s
seed 777 n25 prescribed_std stage 2 epoch  8/90     30 s
seed 777 n25 prescribed_std stage 2 epoch  9/90     33 s
seed 777 n25 prescribed_std stage 2 epoch 10/90     35 s
seed 777 n25 prescribed_std stage 2 epoch 11/90     37 s
seed 777 n25 prescribed_std stage 2 epoch 12/90     40 s
seed 777 n25 prescribed_std stage 2 epoch 13/90     42 s
seed 777 n25 prescribed_std stage 2 epoch 14/90     45 s
seed 777 n25 prescribed_std stage 2 epoch 15/90     50 s
seed 777 n25 prescribed_std stage 2 epoch 16/90     55 s
seed 777 n25 prescribed_std stage 2 epoch 17/90     59 s
seed 777 n25 prescribed_std stage 2 epoch 18/90     63 s
seed 777 n25 prescribed_std stage 2 epoch 19/90     68 s
seed 777 n25 prescribed_std stage 2 epoch 20/90     73 s
seed 777 n25 prescribed_std stage 2 epoch 21/90     75 s
seed 777 n25 prescribed_std stage 2 epoch 22/90     76 s
seed 777 n25 prescribed_std stage 2 epoch 23/90     79 s
seed 777 n25 prescribed_std stage 2 epoch 24/90     82 s
seed 777 n25 prescribed_std stage 2 epoch 25/90     84 s
seed 777 n25 prescribed_std stage 2 epoch 26/90     87 s
seed 777 n25 prescribed_std stage 2 epoch 27/90     89 s
seed 777 n25 prescribed_std stage 2 epoch 28/90     90 s
seed 777 n25 prescribed_std stage 2 epoch 29/90     92 s
seed 777 n25 prescribed_std stage 2 epoch 30/90     94 s
seed 777 n25 prescribed_std stage 2 epoch 31/90     96 s
seed 777 n25 prescribed_std stage 2 epoch 32/90     97 s
seed 777 n25 prescribed_std stage 2 epoch 33/90     99 s
seed 777 n25 prescribed_std stage 2 epoch 34/90    101 s
seed 777 n25 prescribed_std stage 2 epoch 35/90    103 s
seed 777 n25 prescribed_std stage 2 epoch 36/90    105 s
seed 777 n25 prescribed_std stage 2 epoch 37/90    107 s
seed 777 n25 prescribed_std stage 2 epoch 38/90    108 s
seed 777 n25 prescribed_std stage 2 epoch 39/90    111 s
seed 777 n25 prescribed_std stage 2 epoch 40/90    112 s
seed 777 n25 prescribed_std stage 2 epoch 41/90    114 s
seed 777 n25 prescribed_std stage 2 epoch 42/90    116 s
seed 777 n25 prescribed_std stage 2 epoch 43/90    118 s
seed 777 n25 prescribed_std stage 2 epoch 44/90    120 s
seed 777 n25 prescribed_std stage 2 epoch 45/90    122 s
seed 777 n25 prescribed_std stage 2 epoch 46/90    123 s
seed 777 n25 prescribed_std stage 2 epoch 47/90    125 s
seed 777 n25 prescribed_std stage 2 epoch 48/90    127 s
seed 777 n25 prescribed_std stage 2 epoch 49/90    129 s
seed 777 n25 prescribed_std stage 2 epoch 50/90    130 s
seed 777 n25 prescribed_std stage 2 epoch 51/90    132 s
seed 777 n25 prescribed_std stage 2 epoch 52/90    134 s
seed 777 n25 prescribed_std stage 2 epoch 53/90    136 s
seed 777 n25 prescribed_std stage 2 epoch 54/90    138 s
seed 777 n25 prescribed_std stage 2 epoch 55/90    140 s
seed 777 n25 prescribed_std stage 2 epoch 56/90    141 s
seed 777 n25 prescribed_std stage 2 epoch 57/90    143 s
seed 777 n25 prescribed_std stage 2 epoch 58/90    145 s
seed 777 n25 prescribed_std stage 2 epoch 59/90    146 s
seed 777 n25 prescribed_std stage 2 epoch 60/90    148 s
seed 777 n25 prescribed_std stage 2 epoch 61/90    150 s
seed 777 n25 prescribed_std stage 2 epoch 62/90    152 s
seed 777 n25 prescribed_std stage 2 epoch 63/90    153 s
seed 777 n25 prescribed_std stage 2 epoch 64/90    155 s
seed 777 n25 prescribed_std stage 2 epoch 65/90    157 s
seed 777 n25 prescribed_std stage 2 epoch 66/90    158 s
seed 777 n25 prescribed_std stage 2 epoch 67/90    160 s
seed 777 n25 prescribed_std stage 2 epoch 68/90    162 s
seed 777 n25 prescribed_std stage 2 epoch 69/90    164 s
seed 777 n25 prescribed_std stage 2 epoch 70/90    165 s
seed 777 n25 prescribed_std stage 2 epoch 71/90    168 s
seed 777 n25 prescribed_std stage 2 epoch 72/90    172 s
seed 777 n25 prescribed_std stage 2 epoch 73/90    176 s
seed 777 n25 prescribed_std stage 2 epoch 74/90    180 s
seed 777 n25 prescribed_std stage 2 epoch 75/90    185 s
seed 777 n25 prescribed_std stage 2 epoch 76/90    190 s
seed 777 n25 prescribed_std stage 2 epoch 77/90    196 s
seed 777 n25 prescribed_std stage 2 epoch 78/90    202 s
seed 777 n25 prescribed_std stage 2 epoch 79/90    206 s
seed 777 n25 prescribed_std stage 2 epoch 80/90    212 s
seed 777 n25 prescribed_std stage 2 epoch 81/90    217 s
seed 777 n25 prescribed_std stage 2 epoch 82/90    220 s
seed 777 n25 prescribed_std stage 2 epoch 83/90    222 s
seed 777 n25 prescribed_std stage 2 epoch 84/90    226 s
seed 777 n25 prescribed_std stage 2 epoch 85/90    228 s
seed 777 n25 prescribed_std stage 2 epoch 86/90    231 s
seed 777 n25 prescribed_std stage 2 epoch 87/90    235 s
seed 777 n25 prescribed_std stage 2 epoch 88/90    237 s
seed 777 n25 prescribed_std stage 2 epoch 89/90    239 s
seed 777 n25 prescribed_std stage 2 epoch 90/90    241 s
seed 777 n50 free_scaled stage 1 epoch  1/90     14 s
seed 777 n50 free_scaled stage 1 epoch  2/90     25 s
seed 777 n50 free_scaled stage 1 epoch  3/90     37 s
seed 777 n50 free_scaled stage 1 epoch  4/90     49 s
seed 777 n50 free_scaled stage 1 epoch  5/90     59 s
seed 777 n50 free_scaled stage 1 epoch  6/90     70 s
seed 777 n50 free_scaled stage 1 epoch  7/90     83 s
seed 777 n50 free_scaled stage 1 epoch  8/90     94 s
seed 777 n50 free_scaled stage 1 epoch  9/90    109 s
seed 777 n50 free_scaled stage 1 epoch 10/90    124 s
seed 777 n50 free_scaled stage 1 epoch 11/90    134 s
seed 777 n50 free_scaled stage 1 epoch 12/90    147 s
seed 777 n50 free_scaled stage 1 epoch 13/90    160 s
seed 777 n50 free_scaled stage 1 epoch 14/90    173 s
seed 777 n50 free_scaled stage 1 epoch 15/90    183 s
seed 777 n50 free_scaled stage 1 epoch 16/90    194 s
seed 777 n50 free_scaled stage 1 epoch 17/90    205 s
seed 777 n50 free_scaled stage 1 epoch 18/90    216 s
seed 777 n50 free_scaled stage 1 epoch 19/90    233 s
seed 777 n50 free_scaled stage 1 epoch 20/90    245 s
seed 777 n50 free_scaled stage 1 epoch 21/90    256 s
seed 777 n50 free_scaled stage 1 epoch 22/90    271 s
seed 777 n50 free_scaled stage 1 epoch 23/90    284 s
seed 777 n50 free_scaled stage 1 epoch 24/90    296 s
seed 777 n50 free_scaled stage 1 epoch 25/90    306 s
seed 777 n50 free_scaled stage 1 epoch 26/90    316 s
seed 777 n50 free_scaled stage 1 epoch 27/90    328 s
seed 777 n50 free_scaled stage 1 epoch 28/90    337 s
seed 777 n50 free_scaled stage 1 epoch 29/90    346 s
seed 777 n50 free_scaled stage 1 epoch 30/90    357 s
seed 777 n50 free_scaled stage 1 epoch 31/90    367 s
seed 777 n50 free_scaled stage 1 epoch 32/90    379 s
seed 777 n50 free_scaled stage 1 epoch 33/90    394 s
seed 777 n50 free_scaled stage 1 epoch 34/90    414 s
seed 777 n50 free_scaled stage 1 epoch 35/90    430 s
seed 777 n50 free_scaled stage 1 epoch 36/90    455 s
seed 777 n50 free_scaled stage 1 epoch 37/90    475 s
seed 777 n50 free_scaled stage 1 epoch 38/90    495 s
seed 777 n50 free_scaled stage 1 epoch 39/90    507 s
seed 777 n50 free_scaled stage 1 epoch 40/90    517 s
seed 777 n50 free_scaled stage 1 epoch 41/90    529 s
seed 777 n50 free_scaled stage 1 epoch 42/90    540 s
seed 777 n50 free_scaled stage 1 epoch 43/90    550 s
seed 777 n50 free_scaled stage 1 epoch 44/90    561 s
seed 777 n50 free_scaled stage 1 epoch 45/90    573 s
seed 777 n50 free_scaled stage 1 epoch 46/90    588 s
seed 777 n50 free_scaled stage 1 epoch 47/90    600 s
seed 777 n50 free_scaled stage 1 epoch 48/90    614 s
seed 777 n50 free_scaled stage 1 epoch 49/90    627 s
seed 777 n50 free_scaled stage 1 epoch 50/90    640 s
seed 777 n50 free_scaled stage 1 epoch 51/90    651 s
seed 777 n50 free_scaled stage 1 epoch 52/90    664 s
seed 777 n50 free_scaled stage 1 epoch 53/90    674 s
seed 777 n50 free_scaled stage 1 epoch 54/90    684 s
seed 777 n50 free_scaled stage 1 epoch 55/90    694 s
seed 777 n50 free_scaled stage 1 epoch 56/90    704 s
seed 777 n50 free_scaled stage 1 epoch 57/90    715 s
seed 777 n50 free_scaled stage 1 epoch 58/90    725 s
seed 777 n50 free_scaled stage 1 epoch 59/90    736 s
seed 777 n50 free_scaled stage 1 epoch 60/90    751 s
seed 777 n50 free_scaled stage 1 epoch 61/90    763 s
seed 777 n50 free_scaled stage 1 epoch 62/90    773 s
seed 777 n50 free_scaled stage 1 epoch 63/90    783 s
seed 777 n50 free_scaled stage 1 epoch 64/90    793 s
seed 777 n50 free_scaled stage 1 epoch 65/90    803 s
seed 777 n50 free_scaled stage 1 epoch 66/90    813 s
seed 777 n50 free_scaled stage 1 epoch 67/90    826 s
seed 777 n50 free_scaled stage 1 epoch 68/90    836 s
seed 777 n50 free_scaled stage 1 epoch 69/90    847 s
seed 777 n50 free_scaled stage 1 epoch 70/90    862 s
seed 777 n50 free_scaled stage 1 epoch 71/90    873 s
seed 777 n50 free_scaled stage 1 epoch 72/90    887 s
seed 777 n50 free_scaled stage 1 epoch 73/90    898 s
seed 777 n50 free_scaled stage 1 epoch 74/90    912 s
seed 777 n50 free_scaled stage 1 epoch 75/90    925 s
seed 777 n50 free_scaled stage 1 epoch 76/90    935 s
seed 777 n50 free_scaled stage 1 epoch 77/90    944 s
seed 777 n50 free_scaled stage 1 epoch 78/90    955 s
seed 777 n50 free_scaled stage 1 epoch 79/90    965 s
seed 777 n50 free_scaled stage 1 epoch 80/90    975 s
seed 777 n50 free_scaled stage 1 epoch 81/90    987 s
seed 777 n50 free_scaled stage 1 epoch 82/90   1002 s
seed 777 n50 free_scaled stage 1 epoch 83/90   1013 s
seed 777 n50 free_scaled stage 1 epoch 84/90   1023 s
seed 777 n50 free_scaled stage 1 epoch 85/90   1033 s
seed 777 n50 free_scaled stage 1 epoch 86/90   1045 s
seed 777 n50 free_scaled stage 1 epoch 87/90   1056 s
seed 777 n50 free_scaled stage 1 epoch 88/90   1067 s
seed 777 n50 free_scaled stage 1 epoch 89/90   1079 s
seed 777 n50 free_scaled stage 1 epoch 90/90   1090 s
seed 777 n50 free_scaled stage 2 epoch  1/90   1094 s
seed 777 n50 free_scaled stage 2 epoch  2/90   1099 s
seed 777 n50 free_scaled stage 2 epoch  3/90   1105 s
seed 777 n50 free_scaled stage 2 epoch  4/90   1109 s
seed 777 n50 free_scaled stage 2 epoch  5/90   1112 s
seed 777 n50 free_scaled stage 2 epoch  6/90   1116 s
seed 777 n50 free_scaled stage 2 epoch  7/90   1119 s
seed 777 n50 free_scaled stage 2 epoch  8/90   1123 s
seed 777 n50 free_scaled stage 2 epoch  9/90   1127 s
seed 777 n50 free_scaled stage 2 epoch 10/90   1131 s
seed 777 n50 free_scaled stage 2 epoch 11/90   1135 s
seed 777 n50 free_scaled stage 2 epoch 12/90   1139 s
seed 777 n50 free_scaled stage 2 epoch 13/90   1143 s
seed 777 n50 free_scaled stage 2 epoch 14/90   1146 s
seed 777 n50 free_scaled stage 2 epoch 15/90   1150 s
seed 777 n50 free_scaled stage 2 epoch 16/90   1154 s
seed 777 n50 free_scaled stage 2 epoch 17/90   1157 s
seed 777 n50 free_scaled stage 2 epoch 18/90   1161 s
seed 777 n50 free_scaled stage 2 epoch 19/90   1165 s
seed 777 n50 free_scaled stage 2 epoch 20/90   1169 s
seed 777 n50 free_scaled stage 2 epoch 21/90   1173 s
seed 777 n50 free_scaled stage 2 epoch 22/90   1177 s
seed 777 n50 free_scaled stage 2 epoch 23/90   1180 s
seed 777 n50 free_scaled stage 2 epoch 24/90   1184 s
seed 777 n50 free_scaled stage 2 epoch 25/90   1188 s
seed 777 n50 free_scaled stage 2 epoch 26/90   1191 s
seed 777 n50 free_scaled stage 2 epoch 27/90   1195 s
seed 777 n50 free_scaled stage 2 epoch 28/90   1199 s
seed 777 n50 free_scaled stage 2 epoch 29/90   1203 s
seed 777 n50 free_scaled stage 2 epoch 30/90   1206 s
seed 777 n50 free_scaled stage 2 epoch 31/90   1210 s
seed 777 n50 free_scaled stage 2 epoch 32/90   1213 s
seed 777 n50 free_scaled stage 2 epoch 33/90   1217 s
seed 777 n50 free_scaled stage 2 epoch 34/90   1221 s
seed 777 n50 free_scaled stage 2 epoch 35/90   1225 s
seed 777 n50 free_scaled stage 2 epoch 36/90   1228 s
seed 777 n50 free_scaled stage 2 epoch 37/90   1232 s
seed 777 n50 free_scaled stage 2 epoch 38/90   1236 s
seed 777 n50 free_scaled stage 2 epoch 39/90   1239 s
seed 777 n50 free_scaled stage 2 epoch 40/90   1243 s
seed 777 n50 free_scaled stage 2 epoch 41/90   1246 s
seed 777 n50 free_scaled stage 2 epoch 42/90   1250 s
seed 777 n50 free_scaled stage 2 epoch 43/90   1254 s
seed 777 n50 free_scaled stage 2 epoch 44/90   1258 s
seed 777 n50 free_scaled stage 2 epoch 45/90   1261 s
seed 777 n50 free_scaled stage 2 epoch 46/90   1265 s
seed 777 n50 free_scaled stage 2 epoch 47/90   1269 s
seed 777 n50 free_scaled stage 2 epoch 48/90   1272 s
seed 777 n50 free_scaled stage 2 epoch 49/90   1276 s
seed 777 n50 free_scaled stage 2 epoch 50/90   1280 s
seed 777 n50 free_scaled stage 2 epoch 51/90   1284 s
seed 777 n50 free_scaled stage 2 epoch 52/90   1287 s
seed 777 n50 free_scaled stage 2 epoch 53/90   1291 s
seed 777 n50 free_scaled stage 2 epoch 54/90   1294 s
seed 777 n50 free_scaled stage 2 epoch 55/90   1298 s
seed 777 n50 free_scaled stage 2 epoch 56/90   1302 s
seed 777 n50 free_scaled stage 2 epoch 57/90   1305 s
seed 777 n50 free_scaled stage 2 epoch 58/90   1309 s
seed 777 n50 free_scaled stage 2 epoch 59/90   1313 s
seed 777 n50 free_scaled stage 2 epoch 60/90   1317 s
seed 777 n50 free_scaled stage 2 epoch 61/90   1321 s
seed 777 n50 free_scaled stage 2 epoch 62/90   1324 s
seed 777 n50 free_scaled stage 2 epoch 63/90   1328 s
seed 777 n50 free_scaled stage 2 epoch 64/90   1331 s
seed 777 n50 free_scaled stage 2 epoch 65/90   1335 s
seed 777 n50 free_scaled stage 2 epoch 66/90   1340 s
seed 777 n50 free_scaled stage 2 epoch 67/90   1344 s
seed 777 n50 free_scaled stage 2 epoch 68/90   1347 s
seed 777 n50 free_scaled stage 2 epoch 69/90   1351 s
seed 777 n50 free_scaled stage 2 epoch 70/90   1355 s
seed 777 n50 free_scaled stage 2 epoch 71/90   1358 s
seed 777 n50 free_scaled stage 2 epoch 72/90   1362 s
seed 777 n50 free_scaled stage 2 epoch 73/90   1366 s
seed 777 n50 free_scaled stage 2 epoch 74/90   1369 s
seed 777 n50 free_scaled stage 2 epoch 75/90   1373 s
seed 777 n50 free_scaled stage 2 epoch 76/90   1377 s
seed 777 n50 free_scaled stage 2 epoch 77/90   1382 s
seed 777 n50 free_scaled stage 2 epoch 78/90   1386 s
seed 777 n50 free_scaled stage 2 epoch 79/90   1390 s
seed 777 n50 free_scaled stage 2 epoch 80/90   1393 s
seed 777 n50 free_scaled stage 2 epoch 81/90   1397 s
seed 777 n50 free_scaled stage 2 epoch 82/90   1401 s
seed 777 n50 free_scaled stage 2 epoch 83/90   1404 s
seed 777 n50 free_scaled stage 2 epoch 84/90   1408 s
seed 777 n50 free_scaled stage 2 epoch 85/90   1412 s
seed 777 n50 free_scaled stage 2 epoch 86/90   1416 s
seed 777 n50 free_scaled stage 2 epoch 87/90   1420 s
seed 777 n50 free_scaled stage 2 epoch 88/90   1424 s
seed 777 n50 free_scaled stage 2 epoch 89/90   1428 s
seed 777 n50 free_scaled stage 2 epoch 90/90   1431 s
seed 777 n50 prescribed_std stage 2 epoch  1/90      4 s
seed 777 n50 prescribed_std stage 2 epoch  2/90      7 s
seed 777 n50 prescribed_std stage 2 epoch  3/90     11 s
seed 777 n50 prescribed_std stage 2 epoch  4/90     15 s
seed 777 n50 prescribed_std stage 2 epoch  5/90     19 s
seed 777 n50 prescribed_std stage 2 epoch  6/90     24 s
seed 777 n50 prescribed_std stage 2 epoch  7/90     27 s
seed 777 n50 prescribed_std stage 2 epoch  8/90     31 s
seed 777 n50 prescribed_std stage 2 epoch  9/90     37 s
seed 777 n50 prescribed_std stage 2 epoch 10/90     43 s
seed 777 n50 prescribed_std stage 2 epoch 11/90     47 s
seed 777 n50 prescribed_std stage 2 epoch 12/90     52 s
seed 777 n50 prescribed_std stage 2 epoch 13/90     56 s
seed 777 n50 prescribed_std stage 2 epoch 14/90     60 s
seed 777 n50 prescribed_std stage 2 epoch 15/90     65 s
seed 777 n50 prescribed_std stage 2 epoch 16/90     71 s
seed 777 n50 prescribed_std stage 2 epoch 17/90     75 s
seed 777 n50 prescribed_std stage 2 epoch 18/90     80 s
seed 777 n50 prescribed_std stage 2 epoch 19/90     85 s
seed 777 n50 prescribed_std stage 2 epoch 20/90     92 s
seed 777 n50 prescribed_std stage 2 epoch 21/90     97 s
seed 777 n50 prescribed_std stage 2 epoch 22/90    104 s
seed 777 n50 prescribed_std stage 2 epoch 23/90    111 s
seed 777 n50 prescribed_std stage 2 epoch 24/90    118 s
seed 777 n50 prescribed_std stage 2 epoch 25/90    125 s
seed 777 n50 prescribed_std stage 2 epoch 26/90    131 s
seed 777 n50 prescribed_std stage 2 epoch 27/90    137 s
seed 777 n50 prescribed_std stage 2 epoch 28/90    143 s
seed 777 n50 prescribed_std stage 2 epoch 29/90    149 s
seed 777 n50 prescribed_std stage 2 epoch 30/90    154 s
seed 777 n50 prescribed_std stage 2 epoch 31/90    159 s
seed 777 n50 prescribed_std stage 2 epoch 32/90    163 s
seed 777 n50 prescribed_std stage 2 epoch 33/90    168 s
seed 777 n50 prescribed_std stage 2 epoch 34/90    172 s
seed 777 n50 prescribed_std stage 2 epoch 35/90    176 s
seed 777 n50 prescribed_std stage 2 epoch 36/90    182 s
seed 777 n50 prescribed_std stage 2 epoch 37/90    186 s
seed 777 n50 prescribed_std stage 2 epoch 38/90    191 s
seed 777 n50 prescribed_std stage 2 epoch 39/90    195 s
seed 777 n50 prescribed_std stage 2 epoch 40/90    199 s
seed 777 n50 prescribed_std stage 2 epoch 41/90    204 s
seed 777 n50 prescribed_std stage 2 epoch 42/90    209 s
seed 777 n50 prescribed_std stage 2 epoch 43/90    215 s
seed 777 n50 prescribed_std stage 2 epoch 44/90    219 s
seed 777 n50 prescribed_std stage 2 epoch 45/90    223 s
seed 777 n50 prescribed_std stage 2 epoch 46/90    226 s
seed 777 n50 prescribed_std stage 2 epoch 47/90    230 s
seed 777 n50 prescribed_std stage 2 epoch 48/90    233 s
seed 777 n50 prescribed_std stage 2 epoch 49/90    237 s
seed 777 n50 prescribed_std stage 2 epoch 50/90    241 s
seed 777 n50 prescribed_std stage 2 epoch 51/90    245 s
seed 777 n50 prescribed_std stage 2 epoch 52/90    248 s
seed 777 n50 prescribed_std stage 2 epoch 53/90    252 s
seed 777 n50 prescribed_std stage 2 epoch 54/90    256 s
seed 777 n50 prescribed_std stage 2 epoch 55/90    259 s
seed 777 n50 prescribed_std stage 2 epoch 56/90    263 s
seed 777 n50 prescribed_std stage 2 epoch 57/90    268 s
seed 777 n50 prescribed_std stage 2 epoch 58/90    271 s
seed 777 n50 prescribed_std stage 2 epoch 59/90    275 s
seed 777 n50 prescribed_std stage 2 epoch 60/90    278 s
seed 777 n50 prescribed_std stage 2 epoch 61/90    282 s
seed 777 n50 prescribed_std stage 2 epoch 62/90    285 s
seed 777 n50 prescribed_std stage 2 epoch 63/90    289 s
seed 777 n50 prescribed_std stage 2 epoch 64/90    293 s
seed 777 n50 prescribed_std stage 2 epoch 65/90    299 s
seed 777 n50 prescribed_std stage 2 epoch 66/90    304 s
seed 777 n50 prescribed_std stage 2 epoch 67/90    308 s
seed 777 n50 prescribed_std stage 2 epoch 68/90    313 s
seed 777 n50 prescribed_std stage 2 epoch 69/90    319 s
seed 777 n50 prescribed_std stage 2 epoch 70/90    323 s
seed 777 n50 prescribed_std stage 2 epoch 71/90    326 s
seed 777 n50 prescribed_std stage 2 epoch 72/90    332 s
seed 777 n50 prescribed_std stage 2 epoch 73/90    337 s
seed 777 n50 prescribed_std stage 2 epoch 74/90    341 s
seed 777 n50 prescribed_std stage 2 epoch 75/90    346 s
seed 777 n50 prescribed_std stage 2 epoch 76/90    350 s
seed 777 n50 prescribed_std stage 2 epoch 77/90    354 s
seed 777 n50 prescribed_std stage 2 epoch 78/90    357 s
seed 777 n50 prescribed_std stage 2 epoch 79/90    361 s
seed 777 n50 prescribed_std stage 2 epoch 80/90    365 s
seed 777 n50 prescribed_std stage 2 epoch 81/90    369 s
seed 777 n50 prescribed_std stage 2 epoch 82/90    373 s
seed 777 n50 prescribed_std stage 2 epoch 83/90    376 s
seed 777 n50 prescribed_std stage 2 epoch 84/90    380 s
seed 777 n50 prescribed_std stage 2 epoch 85/90    384 s
seed 777 n50 prescribed_std stage 2 epoch 86/90    387 s
seed 777 n50 prescribed_std stage 2 epoch 87/90    391 s
seed 777 n50 prescribed_std stage 2 epoch 88/90    395 s
seed 777 n50 prescribed_std stage 2 epoch 89/90    399 s
seed 777 n50 prescribed_std stage 2 epoch 90/90    403 s
seed 777 n200 prescribed_std stage 2 epoch  1/90     15 s
seed 777 n200 prescribed_std stage 2 epoch  2/90     30 s
seed 777 n200 prescribed_std stage 2 epoch  3/90     47 s
seed 777 n200 prescribed_std stage 2 epoch  4/90     64 s
seed 777 n200 prescribed_std stage 2 epoch  5/90     82 s
seed 777 n200 prescribed_std stage 2 epoch  6/90     98 s
seed 777 n200 prescribed_std stage 2 epoch  7/90    117 s
seed 777 n200 prescribed_std stage 2 epoch  8/90    136 s
seed 777 n200 prescribed_std stage 2 epoch  9/90    151 s
seed 777 n200 prescribed_std stage 2 epoch 10/90    170 s
seed 777 n200 prescribed_std stage 2 epoch 11/90    187 s
seed 777 n200 prescribed_std stage 2 epoch 12/90    203 s
seed 777 n200 prescribed_std stage 2 epoch 13/90    220 s
seed 777 n200 prescribed_std stage 2 epoch 14/90    237 s
seed 777 n200 prescribed_std stage 2 epoch 15/90    254 s
seed 777 n200 prescribed_std stage 2 epoch 16/90    271 s
seed 777 n200 prescribed_std stage 2 epoch 17/90    288 s
seed 777 n200 prescribed_std stage 2 epoch 18/90    305 s
seed 777 n200 prescribed_std stage 2 epoch 19/90    323 s
seed 777 n200 prescribed_std stage 2 epoch 20/90    339 s
seed 777 n200 prescribed_std stage 2 epoch 21/90    358 s
seed 777 n200 prescribed_std stage 2 epoch 22/90    375 s
seed 777 n200 prescribed_std stage 2 epoch 23/90    392 s
seed 777 n200 prescribed_std stage 2 epoch 24/90    407 s
seed 777 n200 prescribed_std stage 2 epoch 25/90    423 s
seed 777 n200 prescribed_std stage 2 epoch 26/90    439 s
seed 777 n200 prescribed_std stage 2 epoch 27/90    455 s
seed 777 n200 prescribed_std stage 2 epoch 28/90    473 s
seed 777 n200 prescribed_std stage 2 epoch 29/90    490 s
seed 777 n200 prescribed_std stage 2 epoch 30/90    507 s
seed 777 n200 prescribed_std stage 2 epoch 31/90    523 s
seed 777 n200 prescribed_std stage 2 epoch 32/90    541 s
seed 777 n200 prescribed_std stage 2 epoch 33/90    558 s
seed 777 n200 prescribed_std stage 2 epoch 34/90    575 s
seed 777 n200 prescribed_std stage 2 epoch 35/90    592 s
seed 777 n200 prescribed_std stage 2 epoch 36/90    609 s
seed 777 n200 prescribed_std stage 2 epoch 37/90    627 s
seed 777 n200 prescribed_std stage 2 epoch 38/90    645 s
seed 777 n200 prescribed_std stage 2 epoch 39/90    662 s
seed 777 n200 prescribed_std stage 2 epoch 40/90    683 s
seed 777 n200 prescribed_std stage 2 epoch 41/90    698 s
seed 777 n200 prescribed_std stage 2 epoch 42/90    715 s
seed 777 n200 prescribed_std stage 2 epoch 43/90    737 s
seed 777 n200 prescribed_std stage 2 epoch 44/90    757 s
seed 777 n200 prescribed_std stage 2 epoch 45/90    773 s
seed 777 n200 prescribed_std stage 2 epoch 46/90    792 s
seed 777 n200 prescribed_std stage 2 epoch 47/90    811 s
seed 777 n200 prescribed_std stage 2 epoch 48/90    828 s
seed 777 n200 prescribed_std stage 2 epoch 49/90    847 s
seed 777 n200 prescribed_std stage 2 epoch 50/90    865 s
seed 777 n200 prescribed_std stage 2 epoch 51/90    886 s
seed 777 n200 prescribed_std stage 2 epoch 52/90    903 s
seed 777 n200 prescribed_std stage 2 epoch 53/90    919 s
seed 777 n200 prescribed_std stage 2 epoch 54/90    934 s
seed 777 n200 prescribed_std stage 2 epoch 55/90    949 s
seed 777 n200 prescribed_std stage 2 epoch 56/90    967 s
seed 777 n200 prescribed_std stage 2 epoch 57/90    986 s
seed 777 n200 prescribed_std stage 2 epoch 58/90   1004 s
seed 777 n200 prescribed_std stage 2 epoch 59/90   1019 s
seed 777 n200 prescribed_std stage 2 epoch 60/90   1035 s
seed 777 n200 prescribed_std stage 2 epoch 61/90   1056 s
seed 777 n200 prescribed_std stage 2 epoch 62/90   1073 s
seed 777 n200 prescribed_std stage 2 epoch 63/90   1088 s
seed 777 n200 prescribed_std stage 2 epoch 64/90   1109 s
seed 777 n200 prescribed_std stage 2 epoch 65/90   1130 s
seed 777 n200 prescribed_std stage 2 epoch 66/90   1148 s
seed 777 n200 prescribed_std stage 2 epoch 67/90   1167 s
seed 777 n200 prescribed_std stage 2 epoch 68/90   1188 s
seed 777 n200 prescribed_std stage 2 epoch 69/90   1205 s
seed 777 n200 prescribed_std stage 2 epoch 70/90   1222 s
seed 777 n200 prescribed_std stage 2 epoch 71/90   1244 s
seed 777 n200 prescribed_std stage 2 epoch 72/90   1260 s
seed 777 n200 prescribed_std stage 2 epoch 73/90   1280 s
seed 777 n200 prescribed_std stage 2 epoch 74/90   1299 s
seed 777 n200 prescribed_std stage 2 epoch 75/90   1318 s
seed 777 n200 prescribed_std stage 2 epoch 76/90   1340 s
seed 777 n200 prescribed_std stage 2 epoch 77/90   1360 s
seed 777 n200 prescribed_std stage 2 epoch 78/90   1377 s
seed 777 n200 prescribed_std stage 2 epoch 79/90   1395 s
seed 777 n200 prescribed_std stage 2 epoch 80/90   1412 s
seed 777 n200 prescribed_std stage 2 epoch 81/90   1427 s
seed 777 n200 prescribed_std stage 2 epoch 82/90   1444 s
seed 777 n200 prescribed_std stage 2 epoch 83/90   1466 s
seed 777 n200 prescribed_std stage 2 epoch 84/90   1485 s
seed 777 n200 prescribed_std stage 2 epoch 85/90   1501 s
seed 777 n200 prescribed_std stage 2 epoch 86/90   1519 s
seed 777 n200 prescribed_std stage 2 epoch 87/90   1534 s
seed 777 n200 prescribed_std stage 2 epoch 88/90   1555 s
seed 777 n200 prescribed_std stage 2 epoch 89/90   1583 s
seed 777 n200 prescribed_std stage 2 epoch 90/90   1601 s
seed 777: written
seed 1003 n25 free_scaled stage 1 epoch  1/90      6 s
seed 1003 n25 free_scaled stage 1 epoch  2/90     11 s
seed 1003 n25 free_scaled stage 1 epoch  3/90     17 s
seed 1003 n25 free_scaled stage 1 epoch  4/90     28 s
seed 1003 n25 free_scaled stage 1 epoch  5/90     40 s
seed 1003 n25 free_scaled stage 1 epoch  6/90     47 s
seed 1003 n25 free_scaled stage 1 epoch  7/90     54 s
seed 1003 n25 free_scaled stage 1 epoch  8/90     66 s
seed 1003 n25 free_scaled stage 1 epoch  9/90     75 s
seed 1003 n25 free_scaled stage 1 epoch 10/90     81 s
seed 1003 n25 free_scaled stage 1 epoch 11/90     86 s
seed 1003 n25 free_scaled stage 1 epoch 12/90     92 s
seed 1003 n25 free_scaled stage 1 epoch 13/90     98 s
seed 1003 n25 free_scaled stage 1 epoch 14/90    103 s
seed 1003 n25 free_scaled stage 1 epoch 15/90    108 s
seed 1003 n25 free_scaled stage 1 epoch 16/90    114 s
seed 1003 n25 free_scaled stage 1 epoch 17/90    123 s
seed 1003 n25 free_scaled stage 1 epoch 18/90    133 s
seed 1003 n25 free_scaled stage 1 epoch 19/90    146 s
seed 1003 n25 free_scaled stage 1 epoch 20/90    153 s
seed 1003 n25 free_scaled stage 1 epoch 21/90    158 s
seed 1003 n25 free_scaled stage 1 epoch 22/90    166 s
seed 1003 n25 free_scaled stage 1 epoch 23/90    174 s
seed 1003 n25 free_scaled stage 1 epoch 24/90    179 s
seed 1003 n25 free_scaled stage 1 epoch 25/90    185 s
seed 1003 n25 free_scaled stage 1 epoch 26/90    191 s
seed 1003 n25 free_scaled stage 1 epoch 27/90    196 s
seed 1003 n25 free_scaled stage 1 epoch 28/90    202 s
seed 1003 n25 free_scaled stage 1 epoch 29/90    208 s
seed 1003 n25 free_scaled stage 1 epoch 30/90    214 s
seed 1003 n25 free_scaled stage 1 epoch 31/90    220 s
seed 1003 n25 free_scaled stage 1 epoch 32/90    226 s
seed 1003 n25 free_scaled stage 1 epoch 33/90    233 s
seed 1003 n25 free_scaled stage 1 epoch 34/90    239 s
seed 1003 n25 free_scaled stage 1 epoch 35/90    245 s
seed 1003 n25 free_scaled stage 1 epoch 36/90    250 s
seed 1003 n25 free_scaled stage 1 epoch 37/90    257 s
seed 1003 n25 free_scaled stage 1 epoch 38/90    262 s
seed 1003 n25 free_scaled stage 1 epoch 39/90    267 s
seed 1003 n25 free_scaled stage 1 epoch 40/90    272 s
seed 1003 n25 free_scaled stage 1 epoch 41/90    277 s
seed 1003 n25 free_scaled stage 1 epoch 42/90    283 s
seed 1003 n25 free_scaled stage 1 epoch 43/90    289 s
seed 1003 n25 free_scaled stage 1 epoch 44/90    295 s
seed 1003 n25 free_scaled stage 1 epoch 45/90    301 s
seed 1003 n25 free_scaled stage 1 epoch 46/90    312 s
seed 1003 n25 free_scaled stage 1 epoch 47/90    317 s
seed 1003 n25 free_scaled stage 1 epoch 48/90    322 s
seed 1003 n25 free_scaled stage 1 epoch 49/90    327 s
seed 1003 n25 free_scaled stage 1 epoch 50/90    333 s
seed 1003 n25 free_scaled stage 1 epoch 51/90    339 s
seed 1003 n25 free_scaled stage 1 epoch 52/90    344 s
seed 1003 n25 free_scaled stage 1 epoch 53/90    349 s
seed 1003 n25 free_scaled stage 1 epoch 54/90    354 s
seed 1003 n25 free_scaled stage 1 epoch 55/90    359 s
seed 1003 n25 free_scaled stage 1 epoch 56/90    364 s
seed 1003 n25 free_scaled stage 1 epoch 57/90    369 s
seed 1003 n25 free_scaled stage 1 epoch 58/90    374 s
seed 1003 n25 free_scaled stage 1 epoch 59/90    380 s
seed 1003 n25 free_scaled stage 1 epoch 60/90    389 s
seed 1003 n25 free_scaled stage 1 epoch 61/90    397 s
seed 1003 n25 free_scaled stage 1 epoch 62/90    405 s
seed 1003 n25 free_scaled stage 1 epoch 63/90    415 s
seed 1003 n25 free_scaled stage 1 epoch 64/90    424 s
seed 1003 n25 free_scaled stage 1 epoch 65/90    433 s
seed 1003 n25 free_scaled stage 1 epoch 66/90    441 s
seed 1003 n25 free_scaled stage 1 epoch 67/90    454 s
seed 1003 n25 free_scaled stage 1 epoch 68/90    468 s
seed 1003 n25 free_scaled stage 1 epoch 69/90    481 s
seed 1003 n25 free_scaled stage 1 epoch 70/90    491 s
seed 1003 n25 free_scaled stage 1 epoch 71/90    500 s
seed 1003 n25 free_scaled stage 1 epoch 72/90    506 s
seed 1003 n25 free_scaled stage 1 epoch 73/90    512 s
seed 1003 n25 free_scaled stage 1 epoch 74/90    520 s
seed 1003 n25 free_scaled stage 1 epoch 75/90    526 s
seed 1003 n25 free_scaled stage 1 epoch 76/90    532 s
seed 1003 n25 free_scaled stage 1 epoch 77/90    537 s
seed 1003 n25 free_scaled stage 1 epoch 78/90    542 s
seed 1003 n25 free_scaled stage 1 epoch 79/90    548 s
seed 1003 n25 free_scaled stage 1 epoch 80/90    553 s
seed 1003 n25 free_scaled stage 1 epoch 81/90    558 s
seed 1003 n25 free_scaled stage 1 epoch 82/90    563 s
seed 1003 n25 free_scaled stage 1 epoch 83/90    567 s
seed 1003 n25 free_scaled stage 1 epoch 84/90    572 s
seed 1003 n25 free_scaled stage 1 epoch 85/90    577 s
seed 1003 n25 free_scaled stage 1 epoch 86/90    584 s
seed 1003 n25 free_scaled stage 1 epoch 87/90    590 s
seed 1003 n25 free_scaled stage 1 epoch 88/90    596 s
seed 1003 n25 free_scaled stage 1 epoch 89/90    603 s
seed 1003 n25 free_scaled stage 1 epoch 90/90    611 s
seed 1003 n25 free_scaled stage 2 epoch  1/90    614 s
seed 1003 n25 free_scaled stage 2 epoch  2/90    617 s
seed 1003 n25 free_scaled stage 2 epoch  3/90    619 s
seed 1003 n25 free_scaled stage 2 epoch  4/90    623 s
seed 1003 n25 free_scaled stage 2 epoch  5/90    626 s
seed 1003 n25 free_scaled stage 2 epoch  6/90    630 s
seed 1003 n25 free_scaled stage 2 epoch  7/90    633 s
seed 1003 n25 free_scaled stage 2 epoch  8/90    636 s
seed 1003 n25 free_scaled stage 2 epoch  9/90    638 s
seed 1003 n25 free_scaled stage 2 epoch 10/90    641 s
seed 1003 n25 free_scaled stage 2 epoch 11/90    644 s
seed 1003 n25 free_scaled stage 2 epoch 12/90    647 s
seed 1003 n25 free_scaled stage 2 epoch 13/90    649 s
seed 1003 n25 free_scaled stage 2 epoch 14/90    651 s
seed 1003 n25 free_scaled stage 2 epoch 15/90    655 s
seed 1003 n25 free_scaled stage 2 epoch 16/90    658 s
seed 1003 n25 free_scaled stage 2 epoch 17/90    660 s
seed 1003 n25 free_scaled stage 2 epoch 18/90    662 s
seed 1003 n25 free_scaled stage 2 epoch 19/90    665 s
seed 1003 n25 free_scaled stage 2 epoch 20/90    667 s
seed 1003 n25 free_scaled stage 2 epoch 21/90    670 s
seed 1003 n25 free_scaled stage 2 epoch 22/90    672 s
seed 1003 n25 free_scaled stage 2 epoch 23/90    674 s
seed 1003 n25 free_scaled stage 2 epoch 24/90    677 s
seed 1003 n25 free_scaled stage 2 epoch 25/90    679 s
seed 1003 n25 free_scaled stage 2 epoch 26/90    682 s
seed 1003 n25 free_scaled stage 2 epoch 27/90    684 s
seed 1003 n25 free_scaled stage 2 epoch 28/90    687 s
seed 1003 n25 free_scaled stage 2 epoch 29/90    691 s
seed 1003 n25 free_scaled stage 2 epoch 30/90    694 s
seed 1003 n25 free_scaled stage 2 epoch 31/90    697 s
seed 1003 n25 free_scaled stage 2 epoch 32/90    700 s
seed 1003 n25 free_scaled stage 2 epoch 33/90    703 s
seed 1003 n25 free_scaled stage 2 epoch 34/90    706 s
seed 1003 n25 free_scaled stage 2 epoch 35/90    709 s
seed 1003 n25 free_scaled stage 2 epoch 36/90    712 s
seed 1003 n25 free_scaled stage 2 epoch 37/90    714 s
seed 1003 n25 free_scaled stage 2 epoch 38/90    716 s
seed 1003 n25 free_scaled stage 2 epoch 39/90    718 s
seed 1003 n25 free_scaled stage 2 epoch 40/90    721 s
seed 1003 n25 free_scaled stage 2 epoch 41/90    723 s
seed 1003 n25 free_scaled stage 2 epoch 42/90    725 s
seed 1003 n25 free_scaled stage 2 epoch 43/90    727 s
seed 1003 n25 free_scaled stage 2 epoch 44/90    730 s
seed 1003 n25 free_scaled stage 2 epoch 45/90    733 s
seed 1003 n25 free_scaled stage 2 epoch 46/90    736 s
seed 1003 n25 free_scaled stage 2 epoch 47/90    739 s
seed 1003 n25 free_scaled stage 2 epoch 48/90    741 s
seed 1003 n25 free_scaled stage 2 epoch 49/90    744 s
seed 1003 n25 free_scaled stage 2 epoch 50/90    747 s
seed 1003 n25 free_scaled stage 2 epoch 51/90    749 s
seed 1003 n25 free_scaled stage 2 epoch 52/90    751 s
seed 1003 n25 free_scaled stage 2 epoch 53/90    754 s
seed 1003 n25 free_scaled stage 2 epoch 54/90    756 s
seed 1003 n25 free_scaled stage 2 epoch 55/90    758 s
seed 1003 n25 free_scaled stage 2 epoch 56/90    761 s
seed 1003 n25 free_scaled stage 2 epoch 57/90    764 s
seed 1003 n25 free_scaled stage 2 epoch 58/90    766 s
seed 1003 n25 free_scaled stage 2 epoch 59/90    768 s
seed 1003 n25 free_scaled stage 2 epoch 60/90    770 s
seed 1003 n25 free_scaled stage 2 epoch 61/90    774 s
seed 1003 n25 free_scaled stage 2 epoch 62/90    777 s
seed 1003 n25 free_scaled stage 2 epoch 63/90    781 s
seed 1003 n25 free_scaled stage 2 epoch 64/90    787 s
seed 1003 n25 free_scaled stage 2 epoch 65/90    792 s
seed 1003 n25 free_scaled stage 2 epoch 66/90    798 s
seed 1003 n25 free_scaled stage 2 epoch 67/90    805 s
seed 1003 n25 free_scaled stage 2 epoch 68/90    812 s
seed 1003 n25 free_scaled stage 2 epoch 69/90    815 s
seed 1003 n25 free_scaled stage 2 epoch 70/90    818 s
seed 1003 n25 free_scaled stage 2 epoch 71/90    821 s
seed 1003 n25 free_scaled stage 2 epoch 72/90    825 s
seed 1003 n25 free_scaled stage 2 epoch 73/90    827 s
seed 1003 n25 free_scaled stage 2 epoch 74/90    830 s
seed 1003 n25 free_scaled stage 2 epoch 75/90    834 s
seed 1003 n25 free_scaled stage 2 epoch 76/90    838 s
seed 1003 n25 free_scaled stage 2 epoch 77/90    841 s
seed 1003 n25 free_scaled stage 2 epoch 78/90    845 s
seed 1003 n25 free_scaled stage 2 epoch 79/90    850 s
seed 1003 n25 free_scaled stage 2 epoch 80/90    853 s
seed 1003 n25 free_scaled stage 2 epoch 81/90    857 s
seed 1003 n25 free_scaled stage 2 epoch 82/90    860 s
seed 1003 n25 free_scaled stage 2 epoch 83/90    862 s
seed 1003 n25 free_scaled stage 2 epoch 84/90    866 s
seed 1003 n25 free_scaled stage 2 epoch 85/90    868 s
seed 1003 n25 free_scaled stage 2 epoch 86/90    871 s
seed 1003 n25 free_scaled stage 2 epoch 87/90    875 s
seed 1003 n25 free_scaled stage 2 epoch 88/90    878 s
seed 1003 n25 free_scaled stage 2 epoch 89/90    880 s
seed 1003 n25 free_scaled stage 2 epoch 90/90    884 s
seed 1003 n25 prescribed_std stage 2 epoch  1/90      3 s
seed 1003 n25 prescribed_std stage 2 epoch  2/90      5 s
seed 1003 n25 prescribed_std stage 2 epoch  3/90      7 s
seed 1003 n25 prescribed_std stage 2 epoch  4/90     10 s
seed 1003 n25 prescribed_std stage 2 epoch  5/90     12 s
seed 1003 n25 prescribed_std stage 2 epoch  6/90     14 s
seed 1003 n25 prescribed_std stage 2 epoch  7/90     16 s
seed 1003 n25 prescribed_std stage 2 epoch  8/90     19 s
seed 1003 n25 prescribed_std stage 2 epoch  9/90     22 s
seed 1003 n25 prescribed_std stage 2 epoch 10/90     25 s
seed 1003 n25 prescribed_std stage 2 epoch 11/90     28 s
seed 1003 n25 prescribed_std stage 2 epoch 12/90     32 s
seed 1003 n25 prescribed_std stage 2 epoch 13/90     35 s
seed 1003 n25 prescribed_std stage 2 epoch 14/90     37 s
seed 1003 n25 prescribed_std stage 2 epoch 15/90     39 s
seed 1003 n25 prescribed_std stage 2 epoch 16/90     41 s
seed 1003 n25 prescribed_std stage 2 epoch 17/90     44 s
seed 1003 n25 prescribed_std stage 2 epoch 18/90     46 s
seed 1003 n25 prescribed_std stage 2 epoch 19/90     48 s
seed 1003 n25 prescribed_std stage 2 epoch 20/90     50 s
seed 1003 n25 prescribed_std stage 2 epoch 21/90     53 s
seed 1003 n25 prescribed_std stage 2 epoch 22/90     55 s
seed 1003 n25 prescribed_std stage 2 epoch 23/90     57 s
seed 1003 n25 prescribed_std stage 2 epoch 24/90     59 s
seed 1003 n25 prescribed_std stage 2 epoch 25/90     61 s
seed 1003 n25 prescribed_std stage 2 epoch 26/90     64 s
seed 1003 n25 prescribed_std stage 2 epoch 27/90     66 s
seed 1003 n25 prescribed_std stage 2 epoch 28/90     69 s
seed 1003 n25 prescribed_std stage 2 epoch 29/90     71 s
seed 1003 n25 prescribed_std stage 2 epoch 30/90     73 s
seed 1003 n25 prescribed_std stage 2 epoch 31/90     76 s
seed 1003 n25 prescribed_std stage 2 epoch 32/90     78 s
seed 1003 n25 prescribed_std stage 2 epoch 33/90     80 s
seed 1003 n25 prescribed_std stage 2 epoch 34/90     83 s
seed 1003 n25 prescribed_std stage 2 epoch 35/90     87 s
seed 1003 n25 prescribed_std stage 2 epoch 36/90     89 s
seed 1003 n25 prescribed_std stage 2 epoch 37/90     92 s
seed 1003 n25 prescribed_std stage 2 epoch 38/90     95 s
seed 1003 n25 prescribed_std stage 2 epoch 39/90     98 s
seed 1003 n25 prescribed_std stage 2 epoch 40/90    101 s
seed 1003 n25 prescribed_std stage 2 epoch 41/90    104 s
seed 1003 n25 prescribed_std stage 2 epoch 42/90    107 s
seed 1003 n25 prescribed_std stage 2 epoch 43/90    110 s
seed 1003 n25 prescribed_std stage 2 epoch 44/90    112 s
seed 1003 n25 prescribed_std stage 2 epoch 45/90    114 s
seed 1003 n25 prescribed_std stage 2 epoch 46/90    117 s
seed 1003 n25 prescribed_std stage 2 epoch 47/90    120 s
seed 1003 n25 prescribed_std stage 2 epoch 48/90    124 s
seed 1003 n25 prescribed_std stage 2 epoch 49/90    126 s
seed 1003 n25 prescribed_std stage 2 epoch 50/90    128 s
seed 1003 n25 prescribed_std stage 2 epoch 51/90    131 s
seed 1003 n25 prescribed_std stage 2 epoch 52/90    134 s
seed 1003 n25 prescribed_std stage 2 epoch 53/90    136 s
seed 1003 n25 prescribed_std stage 2 epoch 54/90    139 s
seed 1003 n25 prescribed_std stage 2 epoch 55/90    142 s
seed 1003 n25 prescribed_std stage 2 epoch 56/90    144 s
seed 1003 n25 prescribed_std stage 2 epoch 57/90    147 s
seed 1003 n25 prescribed_std stage 2 epoch 58/90    150 s
seed 1003 n25 prescribed_std stage 2 epoch 59/90    152 s
seed 1003 n25 prescribed_std stage 2 epoch 60/90    154 s
seed 1003 n25 prescribed_std stage 2 epoch 61/90    157 s
seed 1003 n25 prescribed_std stage 2 epoch 62/90    159 s
seed 1003 n25 prescribed_std stage 2 epoch 63/90    162 s
seed 1003 n25 prescribed_std stage 2 epoch 64/90    164 s
seed 1003 n25 prescribed_std stage 2 epoch 65/90    167 s
seed 1003 n25 prescribed_std stage 2 epoch 66/90    169 s
seed 1003 n25 prescribed_std stage 2 epoch 67/90    172 s
seed 1003 n25 prescribed_std stage 2 epoch 68/90    174 s
seed 1003 n25 prescribed_std stage 2 epoch 69/90    177 s
seed 1003 n25 prescribed_std stage 2 epoch 70/90    179 s
seed 1003 n25 prescribed_std stage 2 epoch 71/90    182 s
seed 1003 n25 prescribed_std stage 2 epoch 72/90    184 s
seed 1003 n25 prescribed_std stage 2 epoch 73/90    187 s
seed 1003 n25 prescribed_std stage 2 epoch 74/90    189 s
seed 1003 n25 prescribed_std stage 2 epoch 75/90    192 s
seed 1003 n25 prescribed_std stage 2 epoch 76/90    194 s
seed 1003 n25 prescribed_std stage 2 epoch 77/90    196 s
seed 1003 n25 prescribed_std stage 2 epoch 78/90    198 s
seed 1003 n25 prescribed_std stage 2 epoch 79/90    201 s
seed 1003 n25 prescribed_std stage 2 epoch 80/90    204 s
seed 1003 n25 prescribed_std stage 2 epoch 81/90    206 s
seed 1003 n25 prescribed_std stage 2 epoch 82/90    209 s
seed 1003 n25 prescribed_std stage 2 epoch 83/90    211 s
seed 1003 n25 prescribed_std stage 2 epoch 84/90    213 s
seed 1003 n25 prescribed_std stage 2 epoch 85/90    215 s
seed 1003 n25 prescribed_std stage 2 epoch 86/90    218 s
seed 1003 n25 prescribed_std stage 2 epoch 87/90    220 s
seed 1003 n25 prescribed_std stage 2 epoch 88/90    223 s
seed 1003 n25 prescribed_std stage 2 epoch 89/90    226 s
seed 1003 n25 prescribed_std stage 2 epoch 90/90    228 s
seed 1003 n50 free_scaled stage 1 epoch  1/90     12 s
seed 1003 n50 free_scaled stage 1 epoch  2/90     24 s
seed 1003 n50 free_scaled stage 1 epoch  3/90     39 s
seed 1003 n50 free_scaled stage 1 epoch  4/90     55 s
seed 1003 n50 free_scaled stage 1 epoch  5/90     67 s
seed 1003 n50 free_scaled stage 1 epoch  6/90     80 s
seed 1003 n50 free_scaled stage 1 epoch  7/90     95 s
seed 1003 n50 free_scaled stage 1 epoch  8/90    119 s
seed 1003 n50 free_scaled stage 1 epoch  9/90    136 s
seed 1003 n50 free_scaled stage 1 epoch 10/90    154 s
seed 1003 n50 free_scaled stage 1 epoch 11/90    167 s
seed 1003 n50 free_scaled stage 1 epoch 12/90    181 s
seed 1003 n50 free_scaled stage 1 epoch 13/90    197 s
seed 1003 n50 free_scaled stage 1 epoch 14/90    230 s
seed 1003 n50 free_scaled stage 1 epoch 15/90    259 s
seed 1003 n50 free_scaled stage 1 epoch 16/90    285 s
seed 1003 n50 free_scaled stage 1 epoch 17/90    309 s
seed 1003 n50 free_scaled stage 1 epoch 18/90    339 s
seed 1003 n50 free_scaled stage 1 epoch 19/90    372 s
seed 1003 n50 free_scaled stage 1 epoch 20/90    388 s
seed 1003 n50 free_scaled stage 1 epoch 21/90    404 s
seed 1003 n50 free_scaled stage 1 epoch 22/90    420 s
seed 1003 n50 free_scaled stage 1 epoch 23/90    432 s
seed 1003 n50 free_scaled stage 1 epoch 24/90    443 s
seed 1003 n50 free_scaled stage 1 epoch 25/90    453 s
seed 1003 n50 free_scaled stage 1 epoch 26/90    465 s
seed 1003 n50 free_scaled stage 1 epoch 27/90    480 s
seed 1003 n50 free_scaled stage 1 epoch 28/90    492 s
seed 1003 n50 free_scaled stage 1 epoch 29/90    506 s
seed 1003 n50 free_scaled stage 1 epoch 30/90    522 s
seed 1003 n50 free_scaled stage 1 epoch 31/90    536 s
seed 1003 n50 free_scaled stage 1 epoch 32/90    550 s
seed 1003 n50 free_scaled stage 1 epoch 33/90    561 s
seed 1003 n50 free_scaled stage 1 epoch 34/90    573 s
seed 1003 n50 free_scaled stage 1 epoch 35/90    586 s
seed 1003 n50 free_scaled stage 1 epoch 36/90    599 s
seed 1003 n50 free_scaled stage 1 epoch 37/90    609 s
seed 1003 n50 free_scaled stage 1 epoch 38/90    620 s
seed 1003 n50 free_scaled stage 1 epoch 39/90    631 s
seed 1003 n50 free_scaled stage 1 epoch 40/90    642 s
seed 1003 n50 free_scaled stage 1 epoch 41/90    657 s
seed 1003 n50 free_scaled stage 1 epoch 42/90    669 s
seed 1003 n50 free_scaled stage 1 epoch 43/90    681 s
seed 1003 n50 free_scaled stage 1 epoch 44/90    693 s
seed 1003 n50 free_scaled stage 1 epoch 45/90    706 s
seed 1003 n50 free_scaled stage 1 epoch 46/90    721 s
seed 1003 n50 free_scaled stage 1 epoch 47/90    732 s
seed 1003 n50 free_scaled stage 1 epoch 48/90    745 s
seed 1003 n50 free_scaled stage 1 epoch 49/90    758 s
seed 1003 n50 free_scaled stage 1 epoch 50/90    773 s
seed 1003 n50 free_scaled stage 1 epoch 51/90    785 s
seed 1003 n50 free_scaled stage 1 epoch 52/90    798 s
seed 1003 n50 free_scaled stage 1 epoch 53/90    814 s
seed 1003 n50 free_scaled stage 1 epoch 54/90    835 s
seed 1003 n50 free_scaled stage 1 epoch 55/90    862 s
seed 1003 n50 free_scaled stage 1 epoch 56/90    879 s
seed 1003 n50 free_scaled stage 1 epoch 57/90    894 s
seed 1003 n50 free_scaled stage 1 epoch 58/90    909 s
seed 1003 n50 free_scaled stage 1 epoch 59/90    926 s
seed 1003 n50 free_scaled stage 1 epoch 60/90    940 s
seed 1003 n50 free_scaled stage 1 epoch 61/90    952 s
seed 1003 n50 free_scaled stage 1 epoch 62/90    965 s
seed 1003 n50 free_scaled stage 1 epoch 63/90    979 s
seed 1003 n50 free_scaled stage 1 epoch 64/90    991 s
seed 1003 n50 free_scaled stage 1 epoch 65/90   1005 s
seed 1003 n50 free_scaled stage 1 epoch 66/90   1016 s
seed 1003 n50 free_scaled stage 1 epoch 67/90   1029 s
seed 1003 n50 free_scaled stage 1 epoch 68/90   1045 s
seed 1003 n50 free_scaled stage 1 epoch 69/90   1058 s
seed 1003 n50 free_scaled stage 1 epoch 70/90   1069 s
seed 1003 n50 free_scaled stage 1 epoch 71/90   1083 s
seed 1003 n50 free_scaled stage 1 epoch 72/90   1093 s
seed 1003 n50 free_scaled stage 1 epoch 73/90   1106 s
seed 1003 n50 free_scaled stage 1 epoch 74/90   1118 s
seed 1003 n50 free_scaled stage 1 epoch 75/90   1132 s
seed 1003 n50 free_scaled stage 1 epoch 76/90   1147 s
seed 1003 n50 free_scaled stage 1 epoch 77/90   1161 s
seed 1003 n50 free_scaled stage 1 epoch 78/90   1174 s
seed 1003 n50 free_scaled stage 1 epoch 79/90   1184 s
seed 1003 n50 free_scaled stage 1 epoch 80/90   1195 s
seed 1003 n50 free_scaled stage 1 epoch 81/90   1208 s
seed 1003 n50 free_scaled stage 1 epoch 82/90   1221 s
seed 1003 n50 free_scaled stage 1 epoch 83/90   1232 s
seed 1003 n50 free_scaled stage 1 epoch 84/90   1244 s
seed 1003 n50 free_scaled stage 1 epoch 85/90   1257 s
seed 1003 n50 free_scaled stage 1 epoch 86/90   1270 s
seed 1003 n50 free_scaled stage 1 epoch 87/90   1283 s
seed 1003 n50 free_scaled stage 1 epoch 88/90   1295 s
seed 1003 n50 free_scaled stage 1 epoch 89/90   1308 s
seed 1003 n50 free_scaled stage 1 epoch 90/90   1319 s
seed 1003 n50 free_scaled stage 2 epoch  1/90   1326 s
seed 1003 n50 free_scaled stage 2 epoch  2/90   1330 s
seed 1003 n50 free_scaled stage 2 epoch  3/90   1335 s
seed 1003 n50 free_scaled stage 2 epoch  4/90   1340 s
seed 1003 n50 free_scaled stage 2 epoch  5/90   1347 s
seed 1003 n50 free_scaled stage 2 epoch  6/90   1353 s
seed 1003 n50 free_scaled stage 2 epoch  7/90   1358 s
seed 1003 n50 free_scaled stage 2 epoch  8/90   1365 s
seed 1003 n50 free_scaled stage 2 epoch  9/90   1371 s
seed 1003 n50 free_scaled stage 2 epoch 10/90   1380 s
seed 1003 n50 free_scaled stage 2 epoch 11/90   1392 s
seed 1003 n50 free_scaled stage 2 epoch 12/90   1405 s
seed 1003 n50 free_scaled stage 2 epoch 13/90   1412 s
seed 1003 n50 free_scaled stage 2 epoch 14/90   1417 s
seed 1003 n50 free_scaled stage 2 epoch 15/90   1425 s
seed 1003 n50 free_scaled stage 2 epoch 16/90   1430 s
seed 1003 n50 free_scaled stage 2 epoch 17/90   1434 s
seed 1003 n50 free_scaled stage 2 epoch 18/90   1438 s
seed 1003 n50 free_scaled stage 2 epoch 19/90   1446 s
seed 1003 n50 free_scaled stage 2 epoch 20/90   1453 s
seed 1003 n50 free_scaled stage 2 epoch 21/90   1459 s
seed 1003 n50 free_scaled stage 2 epoch 22/90   1463 s
seed 1003 n50 free_scaled stage 2 epoch 23/90   1469 s
seed 1003 n50 free_scaled stage 2 epoch 24/90   1476 s
seed 1003 n50 free_scaled stage 2 epoch 25/90   1480 s
seed 1003 n50 free_scaled stage 2 epoch 26/90   1483 s
seed 1003 n50 free_scaled stage 2 epoch 27/90   1488 s
seed 1003 n50 free_scaled stage 2 epoch 28/90   1493 s
seed 1003 n50 free_scaled stage 2 epoch 29/90   1496 s
seed 1003 n50 free_scaled stage 2 epoch 30/90   1501 s
seed 1003 n50 free_scaled stage 2 epoch 31/90   1505 s
seed 1003 n50 free_scaled stage 2 epoch 32/90   1509 s
seed 1003 n50 free_scaled stage 2 epoch 33/90   1513 s
seed 1003 n50 free_scaled stage 2 epoch 34/90   1518 s
seed 1003 n50 free_scaled stage 2 epoch 35/90   1522 s
seed 1003 n50 free_scaled stage 2 epoch 36/90   1526 s
seed 1003 n50 free_scaled stage 2 epoch 37/90   1531 s
seed 1003 n50 free_scaled stage 2 epoch 38/90   1535 s
seed 1003 n50 free_scaled stage 2 epoch 39/90   1539 s
seed 1003 n50 free_scaled stage 2 epoch 40/90   1543 s
seed 1003 n50 free_scaled stage 2 epoch 41/90   1547 s
seed 1003 n50 free_scaled stage 2 epoch 42/90   1551 s
seed 1003 n50 free_scaled stage 2 epoch 43/90   1556 s
seed 1003 n50 free_scaled stage 2 epoch 44/90   1561 s
seed 1003 n50 free_scaled stage 2 epoch 45/90   1565 s
seed 1003 n50 free_scaled stage 2 epoch 46/90   1570 s
seed 1003 n50 free_scaled stage 2 epoch 47/90   1574 s
seed 1003 n50 free_scaled stage 2 epoch 48/90   1578 s
seed 1003 n50 free_scaled stage 2 epoch 49/90   1582 s
seed 1003 n50 free_scaled stage 2 epoch 50/90   1588 s
seed 1003 n50 free_scaled stage 2 epoch 51/90   1593 s
seed 1003 n50 free_scaled stage 2 epoch 52/90   1597 s
seed 1003 n50 free_scaled stage 2 epoch 53/90   1601 s
seed 1003 n50 free_scaled stage 2 epoch 54/90   1606 s
seed 1003 n50 free_scaled stage 2 epoch 55/90   1610 s
seed 1003 n50 free_scaled stage 2 epoch 56/90   1614 s
seed 1003 n50 free_scaled stage 2 epoch 57/90   1618 s
seed 1003 n50 free_scaled stage 2 epoch 58/90   1622 s
seed 1003 n50 free_scaled stage 2 epoch 59/90   1626 s
seed 1003 n50 free_scaled stage 2 epoch 60/90   1630 s
seed 1003 n50 free_scaled stage 2 epoch 61/90   1635 s
seed 1003 n50 free_scaled stage 2 epoch 62/90   1639 s
seed 1003 n50 free_scaled stage 2 epoch 63/90   1643 s
seed 1003 n50 free_scaled stage 2 epoch 64/90   1647 s
seed 1003 n50 free_scaled stage 2 epoch 65/90   1652 s
seed 1003 n50 free_scaled stage 2 epoch 66/90   1657 s
seed 1003 n50 free_scaled stage 2 epoch 67/90   1663 s
seed 1003 n50 free_scaled stage 2 epoch 68/90   1667 s
seed 1003 n50 free_scaled stage 2 epoch 69/90   1671 s
seed 1003 n50 free_scaled stage 2 epoch 70/90   1675 s
seed 1003 n50 free_scaled stage 2 epoch 71/90   1680 s
seed 1003 n50 free_scaled stage 2 epoch 72/90   1684 s
seed 1003 n50 free_scaled stage 2 epoch 73/90   1688 s
seed 1003 n50 free_scaled stage 2 epoch 74/90   1693 s
seed 1003 n50 free_scaled stage 2 epoch 75/90   1697 s
seed 1003 n50 free_scaled stage 2 epoch 76/90   1701 s
seed 1003 n50 free_scaled stage 2 epoch 77/90   1707 s
seed 1003 n50 free_scaled stage 2 epoch 78/90   1711 s
seed 1003 n50 free_scaled stage 2 epoch 79/90   1716 s
seed 1003 n50 free_scaled stage 2 epoch 80/90   1721 s
seed 1003 n50 free_scaled stage 2 epoch 81/90   1725 s
seed 1003 n50 free_scaled stage 2 epoch 82/90   1729 s
seed 1003 n50 free_scaled stage 2 epoch 83/90   1734 s
seed 1003 n50 free_scaled stage 2 epoch 84/90   1737 s
seed 1003 n50 free_scaled stage 2 epoch 85/90   1743 s
seed 1003 n50 free_scaled stage 2 epoch 86/90   1747 s
seed 1003 n50 free_scaled stage 2 epoch 87/90   1751 s
seed 1003 n50 free_scaled stage 2 epoch 88/90   1756 s
seed 1003 n50 free_scaled stage 2 epoch 89/90   1761 s
seed 1003 n50 free_scaled stage 2 epoch 90/90   1765 s
seed 1003 n50 prescribed_std stage 2 epoch  1/90      4 s
seed 1003 n50 prescribed_std stage 2 epoch  2/90      8 s
seed 1003 n50 prescribed_std stage 2 epoch  3/90     12 s
seed 1003 n50 prescribed_std stage 2 epoch  4/90     17 s
seed 1003 n50 prescribed_std stage 2 epoch  5/90     21 s
seed 1003 n50 prescribed_std stage 2 epoch  6/90     25 s
seed 1003 n50 prescribed_std stage 2 epoch  7/90     29 s
seed 1003 n50 prescribed_std stage 2 epoch  8/90     34 s
seed 1003 n50 prescribed_std stage 2 epoch  9/90     38 s
seed 1003 n50 prescribed_std stage 2 epoch 10/90     43 s
seed 1003 n50 prescribed_std stage 2 epoch 11/90     47 s
seed 1003 n50 prescribed_std stage 2 epoch 12/90     51 s
seed 1003 n50 prescribed_std stage 2 epoch 13/90     56 s
seed 1003 n50 prescribed_std stage 2 epoch 14/90     61 s
seed 1003 n50 prescribed_std stage 2 epoch 15/90     65 s
seed 1003 n50 prescribed_std stage 2 epoch 16/90     68 s
seed 1003 n50 prescribed_std stage 2 epoch 17/90     72 s
seed 1003 n50 prescribed_std stage 2 epoch 18/90     76 s
seed 1003 n50 prescribed_std stage 2 epoch 19/90     79 s
seed 1003 n50 prescribed_std stage 2 epoch 20/90     83 s
seed 1003 n50 prescribed_std stage 2 epoch 21/90     87 s
seed 1003 n50 prescribed_std stage 2 epoch 22/90     92 s
seed 1003 n50 prescribed_std stage 2 epoch 23/90     96 s
seed 1003 n50 prescribed_std stage 2 epoch 24/90    100 s
seed 1003 n50 prescribed_std stage 2 epoch 25/90    104 s
seed 1003 n50 prescribed_std stage 2 epoch 26/90    109 s
seed 1003 n50 prescribed_std stage 2 epoch 27/90    113 s
seed 1003 n50 prescribed_std stage 2 epoch 28/90    117 s
seed 1003 n50 prescribed_std stage 2 epoch 29/90    122 s
seed 1003 n50 prescribed_std stage 2 epoch 30/90    126 s
seed 1003 n50 prescribed_std stage 2 epoch 31/90    130 s
seed 1003 n50 prescribed_std stage 2 epoch 32/90    135 s
seed 1003 n50 prescribed_std stage 2 epoch 33/90    139 s
seed 1003 n50 prescribed_std stage 2 epoch 34/90    143 s
seed 1003 n50 prescribed_std stage 2 epoch 35/90    148 s
seed 1003 n50 prescribed_std stage 2 epoch 36/90    152 s
seed 1003 n50 prescribed_std stage 2 epoch 37/90    157 s
seed 1003 n50 prescribed_std stage 2 epoch 38/90    161 s
seed 1003 n50 prescribed_std stage 2 epoch 39/90    165 s
seed 1003 n50 prescribed_std stage 2 epoch 40/90    170 s
seed 1003 n50 prescribed_std stage 2 epoch 41/90    174 s
seed 1003 n50 prescribed_std stage 2 epoch 42/90    179 s
seed 1003 n50 prescribed_std stage 2 epoch 43/90    185 s
seed 1003 n50 prescribed_std stage 2 epoch 44/90    190 s
seed 1003 n50 prescribed_std stage 2 epoch 45/90    196 s
seed 1003 n50 prescribed_std stage 2 epoch 46/90    200 s
seed 1003 n50 prescribed_std stage 2 epoch 47/90    205 s
seed 1003 n50 prescribed_std stage 2 epoch 48/90    208 s
seed 1003 n50 prescribed_std stage 2 epoch 49/90    213 s
seed 1003 n50 prescribed_std stage 2 epoch 50/90    219 s
seed 1003 n50 prescribed_std stage 2 epoch 51/90    223 s
seed 1003 n50 prescribed_std stage 2 epoch 52/90    227 s
seed 1003 n50 prescribed_std stage 2 epoch 53/90    231 s
seed 1003 n50 prescribed_std stage 2 epoch 54/90    235 s
seed 1003 n50 prescribed_std stage 2 epoch 55/90    239 s
seed 1003 n50 prescribed_std stage 2 epoch 56/90    243 s
seed 1003 n50 prescribed_std stage 2 epoch 57/90    248 s
seed 1003 n50 prescribed_std stage 2 epoch 58/90    252 s
seed 1003 n50 prescribed_std stage 2 epoch 59/90    256 s
seed 1003 n50 prescribed_std stage 2 epoch 60/90    260 s
seed 1003 n50 prescribed_std stage 2 epoch 61/90    264 s
seed 1003 n50 prescribed_std stage 2 epoch 62/90    269 s
seed 1003 n50 prescribed_std stage 2 epoch 63/90    274 s
seed 1003 n50 prescribed_std stage 2 epoch 64/90    278 s
seed 1003 n50 prescribed_std stage 2 epoch 65/90    282 s
seed 1003 n50 prescribed_std stage 2 epoch 66/90    286 s
seed 1003 n50 prescribed_std stage 2 epoch 67/90    291 s
seed 1003 n50 prescribed_std stage 2 epoch 68/90    295 s
seed 1003 n50 prescribed_std stage 2 epoch 69/90    299 s
seed 1003 n50 prescribed_std stage 2 epoch 70/90    303 s
seed 1003 n50 prescribed_std stage 2 epoch 71/90    307 s
seed 1003 n50 prescribed_std stage 2 epoch 72/90    311 s
seed 1003 n50 prescribed_std stage 2 epoch 73/90    315 s
seed 1003 n50 prescribed_std stage 2 epoch 74/90    320 s
seed 1003 n50 prescribed_std stage 2 epoch 75/90    325 s
seed 1003 n50 prescribed_std stage 2 epoch 76/90    331 s
seed 1003 n50 prescribed_std stage 2 epoch 77/90    336 s
seed 1003 n50 prescribed_std stage 2 epoch 78/90    340 s
seed 1003 n50 prescribed_std stage 2 epoch 79/90    344 s
seed 1003 n50 prescribed_std stage 2 epoch 80/90    348 s
seed 1003 n50 prescribed_std stage 2 epoch 81/90    352 s
seed 1003 n50 prescribed_std stage 2 epoch 82/90    357 s
seed 1003 n50 prescribed_std stage 2 epoch 83/90    361 s
seed 1003 n50 prescribed_std stage 2 epoch 84/90    365 s
seed 1003 n50 prescribed_std stage 2 epoch 85/90    371 s
seed 1003 n50 prescribed_std stage 2 epoch 86/90    376 s
seed 1003 n50 prescribed_std stage 2 epoch 87/90    380 s
seed 1003 n50 prescribed_std stage 2 epoch 88/90    384 s
seed 1003 n50 prescribed_std stage 2 epoch 89/90    388 s
seed 1003 n50 prescribed_std stage 2 epoch 90/90    392 s
seed 1003 n200 prescribed_std stage 2 epoch  1/90     18 s
seed 1003 n200 prescribed_std stage 2 epoch  2/90     37 s
seed 1003 n200 prescribed_std stage 2 epoch  3/90     56 s
seed 1003 n200 prescribed_std stage 2 epoch  4/90     76 s
seed 1003 n200 prescribed_std stage 2 epoch  5/90     94 s
seed 1003 n200 prescribed_std stage 2 epoch  6/90    112 s
seed 1003 n200 prescribed_std stage 2 epoch  7/90    128 s
seed 1003 n200 prescribed_std stage 2 epoch  8/90    148 s
seed 1003 n200 prescribed_std stage 2 epoch  9/90    166 s
seed 1003 n200 prescribed_std stage 2 epoch 10/90    190 s
seed 1003 n200 prescribed_std stage 2 epoch 11/90    209 s
seed 1003 n200 prescribed_std stage 2 epoch 12/90    240 s
seed 1003 n200 prescribed_std stage 2 epoch 13/90    273 s
seed 1003 n200 prescribed_std stage 2 epoch 14/90    292 s
seed 1003 n200 prescribed_std stage 2 epoch 15/90    309 s
seed 1003 n200 prescribed_std stage 2 epoch 16/90    324 s
seed 1003 n200 prescribed_std stage 2 epoch 17/90    341 s
seed 1003 n200 prescribed_std stage 2 epoch 18/90    359 s
seed 1003 n200 prescribed_std stage 2 epoch 19/90    377 s
seed 1003 n200 prescribed_std stage 2 epoch 20/90    397 s
seed 1003 n200 prescribed_std stage 2 epoch 21/90    414 s
seed 1003 n200 prescribed_std stage 2 epoch 22/90    430 s
seed 1003 n200 prescribed_std stage 2 epoch 23/90    446 s
seed 1003 n200 prescribed_std stage 2 epoch 24/90    462 s
seed 1003 n200 prescribed_std stage 2 epoch 25/90    480 s
seed 1003 n200 prescribed_std stage 2 epoch 26/90    501 s
seed 1003 n200 prescribed_std stage 2 epoch 27/90    521 s
seed 1003 n200 prescribed_std stage 2 epoch 28/90    546 s
seed 1003 n200 prescribed_std stage 2 epoch 29/90    566 s
seed 1003 n200 prescribed_std stage 2 epoch 30/90    590 s
seed 1003 n200 prescribed_std stage 2 epoch 31/90    610 s
seed 1003 n200 prescribed_std stage 2 epoch 32/90    629 s
seed 1003 n200 prescribed_std stage 2 epoch 33/90    652 s
seed 1003 n200 prescribed_std stage 2 epoch 34/90    670 s
seed 1003 n200 prescribed_std stage 2 epoch 35/90    688 s
seed 1003 n200 prescribed_std stage 2 epoch 36/90    706 s
seed 1003 n200 prescribed_std stage 2 epoch 37/90    727 s
seed 1003 n200 prescribed_std stage 2 epoch 38/90    746 s
seed 1003 n200 prescribed_std stage 2 epoch 39/90    768 s
seed 1003 n200 prescribed_std stage 2 epoch 40/90    798 s
seed 1003 n200 prescribed_std stage 2 epoch 41/90    828 s
seed 1003 n200 prescribed_std stage 2 epoch 42/90    847 s
seed 1003 n200 prescribed_std stage 2 epoch 43/90    865 s
seed 1003 n200 prescribed_std stage 2 epoch 44/90    883 s
seed 1003 n200 prescribed_std stage 2 epoch 45/90    901 s
seed 1003 n200 prescribed_std stage 2 epoch 46/90    919 s
seed 1003 n200 prescribed_std stage 2 epoch 47/90    939 s
seed 1003 n200 prescribed_std stage 2 epoch 48/90    957 s
seed 1003 n200 prescribed_std stage 2 epoch 49/90    975 s
seed 1003 n200 prescribed_std stage 2 epoch 50/90    993 s
seed 1003 n200 prescribed_std stage 2 epoch 51/90   1014 s
seed 1003 n200 prescribed_std stage 2 epoch 52/90   1029 s
seed 1003 n200 prescribed_std stage 2 epoch 53/90   1047 s
seed 1003 n200 prescribed_std stage 2 epoch 54/90   1064 s
seed 1003 n200 prescribed_std stage 2 epoch 55/90   1080 s
seed 1003 n200 prescribed_std stage 2 epoch 56/90   1098 s
seed 1003 n200 prescribed_std stage 2 epoch 57/90   1116 s
seed 1003 n200 prescribed_std stage 2 epoch 58/90   1134 s
seed 1003 n200 prescribed_std stage 2 epoch 59/90   1155 s
seed 1003 n200 prescribed_std stage 2 epoch 60/90   1172 s
seed 1003 n200 prescribed_std stage 2 epoch 61/90   1187 s
seed 1003 n200 prescribed_std stage 2 epoch 62/90   1202 s
seed 1003 n200 prescribed_std stage 2 epoch 63/90   1217 s
seed 1003 n200 prescribed_std stage 2 epoch 64/90   1235 s
seed 1003 n200 prescribed_std stage 2 epoch 65/90   1254 s
seed 1003 n200 prescribed_std stage 2 epoch 66/90   1275 s
seed 1003 n200 prescribed_std stage 2 epoch 67/90   1293 s
seed 1003 n200 prescribed_std stage 2 epoch 68/90   1312 s
seed 1003 n200 prescribed_std stage 2 epoch 69/90   1332 s
seed 1003 n200 prescribed_std stage 2 epoch 70/90   1351 s
seed 1003 n200 prescribed_std stage 2 epoch 71/90   1366 s
seed 1003 n200 prescribed_std stage 2 epoch 72/90   1387 s
seed 1003 n200 prescribed_std stage 2 epoch 73/90   1414 s
seed 1003 n200 prescribed_std stage 2 epoch 74/90   1430 s
seed 1003 n200 prescribed_std stage 2 epoch 75/90   1450 s
seed 1003 n200 prescribed_std stage 2 epoch 76/90   1470 s
seed 1003 n200 prescribed_std stage 2 epoch 77/90   1487 s
seed 1003 n200 prescribed_std stage 2 epoch 78/90   1507 s
seed 1003 n200 prescribed_std stage 2 epoch 79/90   1525 s
seed 1003 n200 prescribed_std stage 2 epoch 80/90   1544 s
seed 1003 n200 prescribed_std stage 2 epoch 81/90   1566 s
seed 1003 n200 prescribed_std stage 2 epoch 82/90   1601 s
seed 1003 n200 prescribed_std stage 2 epoch 83/90   1626 s
seed 1003 n200 prescribed_std stage 2 epoch 84/90   1646 s
seed 1003 n200 prescribed_std stage 2 epoch 85/90   1661 s
seed 1003 n200 prescribed_std stage 2 epoch 86/90   1686 s
seed 1003 n200 prescribed_std stage 2 epoch 87/90   1709 s
seed 1003 n200 prescribed_std stage 2 epoch 88/90   1725 s
seed 1003 n200 prescribed_std stage 2 epoch 89/90   1747 s
seed 1003 n200 prescribed_std stage 2 epoch 90/90   1785 s
seed 1003: written
seed 1007 n25 free_scaled stage 1 epoch  1/90     10 s
seed 1007 n25 free_scaled stage 1 epoch  2/90     18 s
seed 1007 n25 free_scaled stage 1 epoch  3/90     24 s
seed 1007 n25 free_scaled stage 1 epoch  4/90     30 s
seed 1007 n25 free_scaled stage 1 epoch  5/90     38 s
seed 1007 n25 free_scaled stage 1 epoch  6/90     45 s
seed 1007 n25 free_scaled stage 1 epoch  7/90     52 s
seed 1007 n25 free_scaled stage 1 epoch  8/90     58 s
seed 1007 n25 free_scaled stage 1 epoch  9/90     70 s
seed 1007 n25 free_scaled stage 1 epoch 10/90     87 s
seed 1007 n25 free_scaled stage 1 epoch 11/90    105 s
seed 1007 n25 free_scaled stage 1 epoch 12/90    120 s
seed 1007 n25 free_scaled stage 1 epoch 13/90    131 s
seed 1007 n25 free_scaled stage 1 epoch 14/90    146 s
seed 1007 n25 free_scaled stage 1 epoch 15/90    162 s
seed 1007 n25 free_scaled stage 1 epoch 16/90    175 s
seed 1007 n25 free_scaled stage 1 epoch 17/90    188 s
seed 1007 n25 free_scaled stage 1 epoch 18/90    204 s
seed 1007 n25 free_scaled stage 1 epoch 19/90    221 s
seed 1007 n25 free_scaled stage 1 epoch 20/90    234 s
seed 1007 n25 free_scaled stage 1 epoch 21/90    246 s
seed 1007 n25 free_scaled stage 1 epoch 22/90    254 s
seed 1007 n25 free_scaled stage 1 epoch 23/90    265 s
seed 1007 n25 free_scaled stage 1 epoch 24/90    275 s
seed 1007 n25 free_scaled stage 1 epoch 25/90    284 s
seed 1007 n25 free_scaled stage 1 epoch 26/90    295 s
seed 1007 n25 free_scaled stage 1 epoch 27/90    307 s
seed 1007 n25 free_scaled stage 1 epoch 28/90    317 s
seed 1007 n25 free_scaled stage 1 epoch 29/90    327 s
seed 1007 n25 free_scaled stage 1 epoch 30/90    337 s
seed 1007 n25 free_scaled stage 1 epoch 31/90    347 s
seed 1007 n25 free_scaled stage 1 epoch 32/90    358 s
seed 1007 n25 free_scaled stage 1 epoch 33/90    367 s
seed 1007 n25 free_scaled stage 1 epoch 34/90    378 s
seed 1007 n25 free_scaled stage 1 epoch 35/90    389 s
seed 1007 n25 free_scaled stage 1 epoch 36/90    400 s
seed 1007 n25 free_scaled stage 1 epoch 37/90    410 s
seed 1007 n25 free_scaled stage 1 epoch 38/90    421 s
seed 1007 n25 free_scaled stage 1 epoch 39/90    431 s
seed 1007 n25 free_scaled stage 1 epoch 40/90    442 s
seed 1007 n25 free_scaled stage 1 epoch 41/90    452 s
seed 1007 n25 free_scaled stage 1 epoch 42/90    461 s
seed 1007 n25 free_scaled stage 1 epoch 43/90    473 s
seed 1007 n25 free_scaled stage 1 epoch 44/90    489 s
seed 1007 n25 free_scaled stage 1 epoch 45/90    501 s
seed 1007 n25 free_scaled stage 1 epoch 46/90    512 s
seed 1007 n25 free_scaled stage 1 epoch 47/90    522 s
seed 1007 n25 free_scaled stage 1 epoch 48/90    532 s
seed 1007 n25 free_scaled stage 1 epoch 49/90    543 s
seed 1007 n25 free_scaled stage 1 epoch 50/90    553 s
seed 1007 n25 free_scaled stage 1 epoch 51/90    562 s
seed 1007 n25 free_scaled stage 1 epoch 52/90    573 s
seed 1007 n25 free_scaled stage 1 epoch 53/90    582 s
seed 1007 n25 free_scaled stage 1 epoch 54/90    591 s
seed 1007 n25 free_scaled stage 1 epoch 55/90    601 s
seed 1007 n25 free_scaled stage 1 epoch 56/90    609 s
seed 1007 n25 free_scaled stage 1 epoch 57/90    619 s
seed 1007 n25 free_scaled stage 1 epoch 58/90    629 s
seed 1007 n25 free_scaled stage 1 epoch 59/90    640 s
seed 1007 n25 free_scaled stage 1 epoch 60/90    653 s
seed 1007 n25 free_scaled stage 1 epoch 61/90    662 s
seed 1007 n25 free_scaled stage 1 epoch 62/90    672 s
seed 1007 n25 free_scaled stage 1 epoch 63/90    681 s
seed 1007 n25 free_scaled stage 1 epoch 64/90    688 s
seed 1007 n25 free_scaled stage 1 epoch 65/90    701 s
seed 1007 n25 free_scaled stage 1 epoch 66/90    717 s
seed 1007 n25 free_scaled stage 1 epoch 67/90    730 s
seed 1007 n25 free_scaled stage 1 epoch 68/90    743 s
seed 1007 n25 free_scaled stage 1 epoch 69/90    755 s
seed 1007 n25 free_scaled stage 1 epoch 70/90    770 s
seed 1007 n25 free_scaled stage 1 epoch 71/90    782 s
seed 1007 n25 free_scaled stage 1 epoch 72/90    793 s
seed 1007 n25 free_scaled stage 1 epoch 73/90    810 s
seed 1007 n25 free_scaled stage 1 epoch 74/90    820 s
seed 1007 n25 free_scaled stage 1 epoch 75/90    832 s
seed 1007 n25 free_scaled stage 1 epoch 76/90    844 s
seed 1007 n25 free_scaled stage 1 epoch 77/90    854 s
seed 1007 n25 free_scaled stage 1 epoch 78/90    863 s
seed 1007 n25 free_scaled stage 1 epoch 79/90    874 s
seed 1007 n25 free_scaled stage 1 epoch 80/90    885 s
seed 1007 n25 free_scaled stage 1 epoch 81/90    895 s
seed 1007 n25 free_scaled stage 1 epoch 82/90    902 s
seed 1007 n25 free_scaled stage 1 epoch 83/90    908 s
seed 1007 n25 free_scaled stage 1 epoch 84/90    914 s
seed 1007 n25 free_scaled stage 1 epoch 85/90    920 s
seed 1007 n25 free_scaled stage 1 epoch 86/90    925 s
seed 1007 n25 free_scaled stage 1 epoch 87/90    931 s
seed 1007 n25 free_scaled stage 1 epoch 88/90    937 s
seed 1007 n25 free_scaled stage 1 epoch 89/90    942 s
seed 1007 n25 free_scaled stage 1 epoch 90/90    950 s
seed 1007 n25 free_scaled stage 2 epoch  1/90    952 s
seed 1007 n25 free_scaled stage 2 epoch  2/90    954 s
seed 1007 n25 free_scaled stage 2 epoch  3/90    957 s
seed 1007 n25 free_scaled stage 2 epoch  4/90    959 s
seed 1007 n25 free_scaled stage 2 epoch  5/90    961 s
seed 1007 n25 free_scaled stage 2 epoch  6/90    963 s
seed 1007 n25 free_scaled stage 2 epoch  7/90    966 s
seed 1007 n25 free_scaled stage 2 epoch  8/90    969 s
seed 1007 n25 free_scaled stage 2 epoch  9/90    972 s
seed 1007 n25 free_scaled stage 2 epoch 10/90    974 s
seed 1007 n25 free_scaled stage 2 epoch 11/90    976 s
seed 1007 n25 free_scaled stage 2 epoch 12/90    978 s
seed 1007 n25 free_scaled stage 2 epoch 13/90    981 s
seed 1007 n25 free_scaled stage 2 epoch 14/90    983 s
seed 1007 n25 free_scaled stage 2 epoch 15/90    985 s
seed 1007 n25 free_scaled stage 2 epoch 16/90    987 s
seed 1007 n25 free_scaled stage 2 epoch 17/90    990 s
seed 1007 n25 free_scaled stage 2 epoch 18/90    992 s
seed 1007 n25 free_scaled stage 2 epoch 19/90    994 s
seed 1007 n25 free_scaled stage 2 epoch 20/90    996 s
seed 1007 n25 free_scaled stage 2 epoch 21/90    999 s
seed 1007 n25 free_scaled stage 2 epoch 22/90   1001 s
seed 1007 n25 free_scaled stage 2 epoch 23/90   1004 s
seed 1007 n25 free_scaled stage 2 epoch 24/90   1008 s
seed 1007 n25 free_scaled stage 2 epoch 25/90   1011 s
seed 1007 n25 free_scaled stage 2 epoch 26/90   1015 s
seed 1007 n25 free_scaled stage 2 epoch 27/90   1019 s
seed 1007 n25 free_scaled stage 2 epoch 28/90   1023 s
seed 1007 n25 free_scaled stage 2 epoch 29/90   1026 s
seed 1007 n25 free_scaled stage 2 epoch 30/90   1031 s
seed 1007 n25 free_scaled stage 2 epoch 31/90   1034 s
seed 1007 n25 free_scaled stage 2 epoch 32/90   1036 s
seed 1007 n25 free_scaled stage 2 epoch 33/90   1039 s
seed 1007 n25 free_scaled stage 2 epoch 34/90   1041 s
seed 1007 n25 free_scaled stage 2 epoch 35/90   1045 s
seed 1007 n25 free_scaled stage 2 epoch 36/90   1049 s
seed 1007 n25 free_scaled stage 2 epoch 37/90   1051 s
seed 1007 n25 free_scaled stage 2 epoch 38/90   1054 s
seed 1007 n25 free_scaled stage 2 epoch 39/90   1056 s
seed 1007 n25 free_scaled stage 2 epoch 40/90   1059 s
seed 1007 n25 free_scaled stage 2 epoch 41/90   1064 s
seed 1007 n25 free_scaled stage 2 epoch 42/90   1070 s
seed 1007 n25 free_scaled stage 2 epoch 43/90   1075 s
seed 1007 n25 free_scaled stage 2 epoch 44/90   1079 s
seed 1007 n25 free_scaled stage 2 epoch 45/90   1084 s
seed 1007 n25 free_scaled stage 2 epoch 46/90   1089 s
seed 1007 n25 free_scaled stage 2 epoch 47/90   1092 s
seed 1007 n25 free_scaled stage 2 epoch 48/90   1096 s
seed 1007 n25 free_scaled stage 2 epoch 49/90   1100 s
seed 1007 n25 free_scaled stage 2 epoch 50/90   1105 s
seed 1007 n25 free_scaled stage 2 epoch 51/90   1111 s
seed 1007 n25 free_scaled stage 2 epoch 52/90   1114 s
seed 1007 n25 free_scaled stage 2 epoch 53/90   1117 s
seed 1007 n25 free_scaled stage 2 epoch 54/90   1121 s
seed 1007 n25 free_scaled stage 2 epoch 55/90   1124 s
seed 1007 n25 free_scaled stage 2 epoch 56/90   1128 s
seed 1007 n25 free_scaled stage 2 epoch 57/90   1131 s
seed 1007 n25 free_scaled stage 2 epoch 58/90   1136 s
seed 1007 n25 free_scaled stage 2 epoch 59/90   1141 s
seed 1007 n25 free_scaled stage 2 epoch 60/90   1144 s
seed 1007 n25 free_scaled stage 2 epoch 61/90   1148 s
seed 1007 n25 free_scaled stage 2 epoch 62/90   1151 s
seed 1007 n25 free_scaled stage 2 epoch 63/90   1154 s
seed 1007 n25 free_scaled stage 2 epoch 64/90   1158 s
seed 1007 n25 free_scaled stage 2 epoch 65/90   1160 s
seed 1007 n25 free_scaled stage 2 epoch 66/90   1164 s
seed 1007 n25 free_scaled stage 2 epoch 67/90   1167 s
seed 1007 n25 free_scaled stage 2 epoch 68/90   1170 s
seed 1007 n25 free_scaled stage 2 epoch 69/90   1175 s
seed 1007 n25 free_scaled stage 2 epoch 70/90   1178 s
seed 1007 n25 free_scaled stage 2 epoch 71/90   1182 s
seed 1007 n25 free_scaled stage 2 epoch 72/90   1185 s
seed 1007 n25 free_scaled stage 2 epoch 73/90   1188 s
seed 1007 n25 free_scaled stage 2 epoch 74/90   1192 s
seed 1007 n25 free_scaled stage 2 epoch 75/90   1195 s
seed 1007 n25 free_scaled stage 2 epoch 76/90   1198 s
seed 1007 n25 free_scaled stage 2 epoch 77/90   1202 s
seed 1007 n25 free_scaled stage 2 epoch 78/90   1206 s
seed 1007 n25 free_scaled stage 2 epoch 79/90   1210 s
seed 1007 n25 free_scaled stage 2 epoch 80/90   1213 s
seed 1007 n25 free_scaled stage 2 epoch 81/90   1216 s
seed 1007 n25 free_scaled stage 2 epoch 82/90   1220 s
seed 1007 n25 free_scaled stage 2 epoch 83/90   1223 s
seed 1007 n25 free_scaled stage 2 epoch 84/90   1226 s
seed 1007 n25 free_scaled stage 2 epoch 85/90   1229 s
seed 1007 n25 free_scaled stage 2 epoch 86/90   1232 s
seed 1007 n25 free_scaled stage 2 epoch 87/90   1236 s
seed 1007 n25 free_scaled stage 2 epoch 88/90   1239 s
seed 1007 n25 free_scaled stage 2 epoch 89/90   1242 s
seed 1007 n25 free_scaled stage 2 epoch 90/90   1246 s
seed 1007 n25 prescribed_std stage 2 epoch  1/90      3 s
seed 1007 n25 prescribed_std stage 2 epoch  2/90      7 s
seed 1007 n25 prescribed_std stage 2 epoch  3/90     10 s
seed 1007 n25 prescribed_std stage 2 epoch  4/90     13 s
seed 1007 n25 prescribed_std stage 2 epoch  5/90     17 s
seed 1007 n25 prescribed_std stage 2 epoch  6/90     20 s
seed 1007 n25 prescribed_std stage 2 epoch  7/90     23 s
seed 1007 n25 prescribed_std stage 2 epoch  8/90     26 s
seed 1007 n25 prescribed_std stage 2 epoch  9/90     28 s
seed 1007 n25 prescribed_std stage 2 epoch 10/90     30 s
seed 1007 n25 prescribed_std stage 2 epoch 11/90     32 s
seed 1007 n25 prescribed_std stage 2 epoch 12/90     34 s
seed 1007 n25 prescribed_std stage 2 epoch 13/90     35 s
seed 1007 n25 prescribed_std stage 2 epoch 14/90     37 s
seed 1007 n25 prescribed_std stage 2 epoch 15/90     39 s
seed 1007 n25 prescribed_std stage 2 epoch 16/90     41 s
seed 1007 n25 prescribed_std stage 2 epoch 17/90     43 s
seed 1007 n25 prescribed_std stage 2 epoch 18/90     45 s
seed 1007 n25 prescribed_std stage 2 epoch 19/90     48 s
seed 1007 n25 prescribed_std stage 2 epoch 20/90     50 s
seed 1007 n25 prescribed_std stage 2 epoch 21/90     55 s
seed 1007 n25 prescribed_std stage 2 epoch 22/90     57 s
seed 1007 n25 prescribed_std stage 2 epoch 23/90     60 s
seed 1007 n25 prescribed_std stage 2 epoch 24/90     62 s
seed 1007 n25 prescribed_std stage 2 epoch 25/90     64 s
seed 1007 n25 prescribed_std stage 2 epoch 26/90     66 s
seed 1007 n25 prescribed_std stage 2 epoch 27/90     68 s
seed 1007 n25 prescribed_std stage 2 epoch 28/90     69 s
seed 1007 n25 prescribed_std stage 2 epoch 29/90     72 s
seed 1007 n25 prescribed_std stage 2 epoch 30/90     74 s
seed 1007 n25 prescribed_std stage 2 epoch 31/90     75 s
seed 1007 n25 prescribed_std stage 2 epoch 32/90     77 s
seed 1007 n25 prescribed_std stage 2 epoch 33/90     79 s
seed 1007 n25 prescribed_std stage 2 epoch 34/90     81 s
seed 1007 n25 prescribed_std stage 2 epoch 35/90     83 s
seed 1007 n25 prescribed_std stage 2 epoch 36/90     85 s
seed 1007 n25 prescribed_std stage 2 epoch 37/90     87 s
seed 1007 n25 prescribed_std stage 2 epoch 38/90     89 s
seed 1007 n25 prescribed_std stage 2 epoch 39/90     90 s
seed 1007 n25 prescribed_std stage 2 epoch 40/90     92 s
seed 1007 n25 prescribed_std stage 2 epoch 41/90     94 s
seed 1007 n25 prescribed_std stage 2 epoch 42/90     96 s
seed 1007 n25 prescribed_std stage 2 epoch 43/90     98 s
seed 1007 n25 prescribed_std stage 2 epoch 44/90    100 s
seed 1007 n25 prescribed_std stage 2 epoch 45/90    104 s
seed 1007 n25 prescribed_std stage 2 epoch 46/90    106 s
seed 1007 n25 prescribed_std stage 2 epoch 47/90    108 s
seed 1007 n25 prescribed_std stage 2 epoch 48/90    110 s
seed 1007 n25 prescribed_std stage 2 epoch 49/90    113 s
seed 1007 n25 prescribed_std stage 2 epoch 50/90    115 s
seed 1007 n25 prescribed_std stage 2 epoch 51/90    117 s
seed 1007 n25 prescribed_std stage 2 epoch 52/90    119 s
seed 1007 n25 prescribed_std stage 2 epoch 53/90    121 s
seed 1007 n25 prescribed_std stage 2 epoch 54/90    123 s
seed 1007 n25 prescribed_std stage 2 epoch 55/90    125 s
seed 1007 n25 prescribed_std stage 2 epoch 56/90    127 s
seed 1007 n25 prescribed_std stage 2 epoch 57/90    129 s
seed 1007 n25 prescribed_std stage 2 epoch 58/90    131 s
seed 1007 n25 prescribed_std stage 2 epoch 59/90    133 s
seed 1007 n25 prescribed_std stage 2 epoch 60/90    136 s
seed 1007 n25 prescribed_std stage 2 epoch 61/90    139 s
seed 1007 n25 prescribed_std stage 2 epoch 62/90    141 s
seed 1007 n25 prescribed_std stage 2 epoch 63/90    144 s
seed 1007 n25 prescribed_std stage 2 epoch 64/90    146 s
seed 1007 n25 prescribed_std stage 2 epoch 65/90    148 s
seed 1007 n25 prescribed_std stage 2 epoch 66/90    150 s
seed 1007 n25 prescribed_std stage 2 epoch 67/90    152 s
seed 1007 n25 prescribed_std stage 2 epoch 68/90    156 s
seed 1007 n25 prescribed_std stage 2 epoch 69/90    158 s
seed 1007 n25 prescribed_std stage 2 epoch 70/90    161 s
seed 1007 n25 prescribed_std stage 2 epoch 71/90    164 s
seed 1007 n25 prescribed_std stage 2 epoch 72/90    168 s
seed 1007 n25 prescribed_std stage 2 epoch 73/90    170 s
seed 1007 n25 prescribed_std stage 2 epoch 74/90    173 s
seed 1007 n25 prescribed_std stage 2 epoch 75/90    177 s
seed 1007 n25 prescribed_std stage 2 epoch 76/90    180 s
seed 1007 n25 prescribed_std stage 2 epoch 77/90    184 s
seed 1007 n25 prescribed_std stage 2 epoch 78/90    188 s
seed 1007 n25 prescribed_std stage 2 epoch 79/90    193 s
seed 1007 n25 prescribed_std stage 2 epoch 80/90    195 s
seed 1007 n25 prescribed_std stage 2 epoch 81/90    197 s
seed 1007 n25 prescribed_std stage 2 epoch 82/90    199 s
seed 1007 n25 prescribed_std stage 2 epoch 83/90    201 s
seed 1007 n25 prescribed_std stage 2 epoch 84/90    203 s
seed 1007 n25 prescribed_std stage 2 epoch 85/90    206 s
seed 1007 n25 prescribed_std stage 2 epoch 86/90    209 s
seed 1007 n25 prescribed_std stage 2 epoch 87/90    211 s
seed 1007 n25 prescribed_std stage 2 epoch 88/90    213 s
seed 1007 n25 prescribed_std stage 2 epoch 89/90    215 s
seed 1007 n25 prescribed_std stage 2 epoch 90/90    217 s
seed 1007 n50 free_scaled stage 1 epoch  1/90     11 s
seed 1007 n50 free_scaled stage 1 epoch  2/90     22 s
seed 1007 n50 free_scaled stage 1 epoch  3/90     31 s
seed 1007 n50 free_scaled stage 1 epoch  4/90     41 s
seed 1007 n50 free_scaled stage 1 epoch  5/90     51 s
seed 1007 n50 free_scaled stage 1 epoch  6/90     61 s
seed 1007 n50 free_scaled stage 1 epoch  7/90     72 s
seed 1007 n50 free_scaled stage 1 epoch  8/90     82 s
seed 1007 n50 free_scaled stage 1 epoch  9/90     92 s
seed 1007 n50 free_scaled stage 1 epoch 10/90    101 s
seed 1007 n50 free_scaled stage 1 epoch 11/90    111 s
seed 1007 n50 free_scaled stage 1 epoch 12/90    121 s
seed 1007 n50 free_scaled stage 1 epoch 13/90    130 s
seed 1007 n50 free_scaled stage 1 epoch 14/90    140 s
seed 1007 n50 free_scaled stage 1 epoch 15/90    150 s
seed 1007 n50 free_scaled stage 1 epoch 16/90    159 s
seed 1007 n50 free_scaled stage 1 epoch 17/90    169 s
seed 1007 n50 free_scaled stage 1 epoch 18/90    178 s
seed 1007 n50 free_scaled stage 1 epoch 19/90    189 s
seed 1007 n50 free_scaled stage 1 epoch 20/90    198 s
seed 1007 n50 free_scaled stage 1 epoch 21/90    209 s
seed 1007 n50 free_scaled stage 1 epoch 22/90    218 s
seed 1007 n50 free_scaled stage 1 epoch 23/90    228 s
seed 1007 n50 free_scaled stage 1 epoch 24/90    238 s
seed 1007 n50 free_scaled stage 1 epoch 25/90    247 s
seed 1007 n50 free_scaled stage 1 epoch 26/90    259 s
seed 1007 n50 free_scaled stage 1 epoch 27/90    268 s
seed 1007 n50 free_scaled stage 1 epoch 28/90    278 s
seed 1007 n50 free_scaled stage 1 epoch 29/90    288 s
seed 1007 n50 free_scaled stage 1 epoch 30/90    297 s
seed 1007 n50 free_scaled stage 1 epoch 31/90    307 s
seed 1007 n50 free_scaled stage 1 epoch 32/90    317 s
seed 1007 n50 free_scaled stage 1 epoch 33/90    334 s
seed 1007 n50 free_scaled stage 1 epoch 34/90    346 s
seed 1007 n50 free_scaled stage 1 epoch 35/90    358 s
seed 1007 n50 free_scaled stage 1 epoch 36/90    368 s
seed 1007 n50 free_scaled stage 1 epoch 37/90    379 s
seed 1007 n50 free_scaled stage 1 epoch 38/90    395 s
seed 1007 n50 free_scaled stage 1 epoch 39/90    409 s
seed 1007 n50 free_scaled stage 1 epoch 40/90    420 s
seed 1007 n50 free_scaled stage 1 epoch 41/90    430 s
seed 1007 n50 free_scaled stage 1 epoch 42/90    440 s
seed 1007 n50 free_scaled stage 1 epoch 43/90    453 s
seed 1007 n50 free_scaled stage 1 epoch 44/90    465 s
seed 1007 n50 free_scaled stage 1 epoch 45/90    478 s
seed 1007 n50 free_scaled stage 1 epoch 46/90    489 s
seed 1007 n50 free_scaled stage 1 epoch 47/90    501 s
seed 1007 n50 free_scaled stage 1 epoch 48/90    513 s
seed 1007 n50 free_scaled stage 1 epoch 49/90    526 s
seed 1007 n50 free_scaled stage 1 epoch 50/90    537 s
seed 1007 n50 free_scaled stage 1 epoch 51/90    547 s
seed 1007 n50 free_scaled stage 1 epoch 52/90    560 s
seed 1007 n50 free_scaled stage 1 epoch 53/90    577 s
seed 1007 n50 free_scaled stage 1 epoch 54/90    592 s
seed 1007 n50 free_scaled stage 1 epoch 55/90    602 s
seed 1007 n50 free_scaled stage 1 epoch 56/90    612 s
seed 1007 n50 free_scaled stage 1 epoch 57/90    622 s
seed 1007 n50 free_scaled stage 1 epoch 58/90    632 s
seed 1007 n50 free_scaled stage 1 epoch 59/90    642 s
seed 1007 n50 free_scaled stage 1 epoch 60/90    651 s
seed 1007 n50 free_scaled stage 1 epoch 61/90    661 s
seed 1007 n50 free_scaled stage 1 epoch 62/90    670 s
seed 1007 n50 free_scaled stage 1 epoch 63/90    680 s
seed 1007 n50 free_scaled stage 1 epoch 64/90    691 s
seed 1007 n50 free_scaled stage 1 epoch 65/90    701 s
seed 1007 n50 free_scaled stage 1 epoch 66/90    714 s
seed 1007 n50 free_scaled stage 1 epoch 67/90    725 s
seed 1007 n50 free_scaled stage 1 epoch 68/90    737 s
seed 1007 n50 free_scaled stage 1 epoch 69/90    748 s
seed 1007 n50 free_scaled stage 1 epoch 70/90    759 s
seed 1007 n50 free_scaled stage 1 epoch 71/90    770 s
seed 1007 n50 free_scaled stage 1 epoch 72/90    784 s
seed 1007 n50 free_scaled stage 1 epoch 73/90    796 s
seed 1007 n50 free_scaled stage 1 epoch 74/90    807 s
seed 1007 n50 free_scaled stage 1 epoch 75/90    818 s
seed 1007 n50 free_scaled stage 1 epoch 76/90    830 s
seed 1007 n50 free_scaled stage 1 epoch 77/90    842 s
seed 1007 n50 free_scaled stage 1 epoch 78/90    854 s
seed 1007 n50 free_scaled stage 1 epoch 79/90    865 s
seed 1007 n50 free_scaled stage 1 epoch 80/90    876 s
seed 1007 n50 free_scaled stage 1 epoch 81/90    886 s
seed 1007 n50 free_scaled stage 1 epoch 82/90    896 s
seed 1007 n50 free_scaled stage 1 epoch 83/90    906 s
seed 1007 n50 free_scaled stage 1 epoch 84/90    915 s
seed 1007 n50 free_scaled stage 1 epoch 85/90    925 s
seed 1007 n50 free_scaled stage 1 epoch 86/90    934 s
seed 1007 n50 free_scaled stage 1 epoch 87/90    943 s
seed 1007 n50 free_scaled stage 1 epoch 88/90    953 s
seed 1007 n50 free_scaled stage 1 epoch 89/90    962 s
seed 1007 n50 free_scaled stage 1 epoch 90/90    975 s
seed 1007 n50 free_scaled stage 2 epoch  1/90    981 s
seed 1007 n50 free_scaled stage 2 epoch  2/90    984 s
seed 1007 n50 free_scaled stage 2 epoch  3/90    988 s
seed 1007 n50 free_scaled stage 2 epoch  4/90    992 s
seed 1007 n50 free_scaled stage 2 epoch  5/90    996 s
seed 1007 n50 free_scaled stage 2 epoch  6/90   1000 s
seed 1007 n50 free_scaled stage 2 epoch  7/90   1003 s
seed 1007 n50 free_scaled stage 2 epoch  8/90   1007 s
seed 1007 n50 free_scaled stage 2 epoch  9/90   1010 s
seed 1007 n50 free_scaled stage 2 epoch 10/90   1015 s
seed 1007 n50 free_scaled stage 2 epoch 11/90   1019 s
seed 1007 n50 free_scaled stage 2 epoch 12/90   1024 s
seed 1007 n50 free_scaled stage 2 epoch 13/90   1027 s
seed 1007 n50 free_scaled stage 2 epoch 14/90   1031 s
seed 1007 n50 free_scaled stage 2 epoch 15/90   1035 s
seed 1007 n50 free_scaled stage 2 epoch 16/90   1038 s
seed 1007 n50 free_scaled stage 2 epoch 17/90   1042 s
seed 1007 n50 free_scaled stage 2 epoch 18/90   1045 s
seed 1007 n50 free_scaled stage 2 epoch 19/90   1049 s
seed 1007 n50 free_scaled stage 2 epoch 20/90   1053 s
seed 1007 n50 free_scaled stage 2 epoch 21/90   1057 s
seed 1007 n50 free_scaled stage 2 epoch 22/90   1061 s
seed 1007 n50 free_scaled stage 2 epoch 23/90   1065 s
seed 1007 n50 free_scaled stage 2 epoch 24/90   1069 s
seed 1007 n50 free_scaled stage 2 epoch 25/90   1073 s
seed 1007 n50 free_scaled stage 2 epoch 26/90   1077 s
seed 1007 n50 free_scaled stage 2 epoch 27/90   1081 s
seed 1007 n50 free_scaled stage 2 epoch 28/90   1085 s
seed 1007 n50 free_scaled stage 2 epoch 29/90   1089 s
seed 1007 n50 free_scaled stage 2 epoch 30/90   1092 s
seed 1007 n50 free_scaled stage 2 epoch 31/90   1096 s
seed 1007 n50 free_scaled stage 2 epoch 32/90   1100 s
seed 1007 n50 free_scaled stage 2 epoch 33/90   1103 s
seed 1007 n50 free_scaled stage 2 epoch 34/90   1107 s
seed 1007 n50 free_scaled stage 2 epoch 35/90   1111 s
seed 1007 n50 free_scaled stage 2 epoch 36/90   1116 s
seed 1007 n50 free_scaled stage 2 epoch 37/90   1120 s
seed 1007 n50 free_scaled stage 2 epoch 38/90   1123 s
seed 1007 n50 free_scaled stage 2 epoch 39/90   1128 s
seed 1007 n50 free_scaled stage 2 epoch 40/90   1132 s
seed 1007 n50 free_scaled stage 2 epoch 41/90   1138 s
seed 1007 n50 free_scaled stage 2 epoch 42/90   1144 s
seed 1007 n50 free_scaled stage 2 epoch 43/90   1148 s
seed 1007 n50 free_scaled stage 2 epoch 44/90   1152 s
seed 1007 n50 free_scaled stage 2 epoch 45/90   1156 s
seed 1007 n50 free_scaled stage 2 epoch 46/90   1159 s
seed 1007 n50 free_scaled stage 2 epoch 47/90   1163 s
seed 1007 n50 free_scaled stage 2 epoch 48/90   1167 s
seed 1007 n50 free_scaled stage 2 epoch 49/90   1170 s
seed 1007 n50 free_scaled stage 2 epoch 50/90   1175 s
seed 1007 n50 free_scaled stage 2 epoch 51/90   1180 s
seed 1007 n50 free_scaled stage 2 epoch 52/90   1184 s
seed 1007 n50 free_scaled stage 2 epoch 53/90   1188 s
seed 1007 n50 free_scaled stage 2 epoch 54/90   1192 s
seed 1007 n50 free_scaled stage 2 epoch 55/90   1199 s
seed 1007 n50 free_scaled stage 2 epoch 56/90   1203 s
seed 1007 n50 free_scaled stage 2 epoch 57/90   1207 s
seed 1007 n50 free_scaled stage 2 epoch 58/90   1211 s
seed 1007 n50 free_scaled stage 2 epoch 59/90   1215 s
seed 1007 n50 free_scaled stage 2 epoch 60/90   1218 s
seed 1007 n50 free_scaled stage 2 epoch 61/90   1222 s
seed 1007 n50 free_scaled stage 2 epoch 62/90   1226 s
seed 1007 n50 free_scaled stage 2 epoch 63/90   1231 s
seed 1007 n50 free_scaled stage 2 epoch 64/90   1235 s
seed 1007 n50 free_scaled stage 2 epoch 65/90   1239 s
seed 1007 n50 free_scaled stage 2 epoch 66/90   1243 s
seed 1007 n50 free_scaled stage 2 epoch 67/90   1247 s
seed 1007 n50 free_scaled stage 2 epoch 68/90   1253 s
seed 1007 n50 free_scaled stage 2 epoch 69/90   1257 s
seed 1007 n50 free_scaled stage 2 epoch 70/90   1262 s
seed 1007 n50 free_scaled stage 2 epoch 71/90   1266 s
seed 1007 n50 free_scaled stage 2 epoch 72/90   1272 s
seed 1007 n50 free_scaled stage 2 epoch 73/90   1279 s
seed 1007 n50 free_scaled stage 2 epoch 74/90   1286 s
seed 1007 n50 free_scaled stage 2 epoch 75/90   1291 s
seed 1007 n50 free_scaled stage 2 epoch 76/90   1297 s
seed 1007 n50 free_scaled stage 2 epoch 77/90   1301 s
seed 1007 n50 free_scaled stage 2 epoch 78/90   1305 s
seed 1007 n50 free_scaled stage 2 epoch 79/90   1310 s
seed 1007 n50 free_scaled stage 2 epoch 80/90   1315 s
seed 1007 n50 free_scaled stage 2 epoch 81/90   1319 s
seed 1007 n50 free_scaled stage 2 epoch 82/90   1323 s
seed 1007 n50 free_scaled stage 2 epoch 83/90   1328 s
seed 1007 n50 free_scaled stage 2 epoch 84/90   1332 s
seed 1007 n50 free_scaled stage 2 epoch 85/90   1336 s
seed 1007 n50 free_scaled stage 2 epoch 86/90   1340 s
seed 1007 n50 free_scaled stage 2 epoch 87/90   1344 s
seed 1007 n50 free_scaled stage 2 epoch 88/90   1349 s
seed 1007 n50 free_scaled stage 2 epoch 89/90   1354 s
seed 1007 n50 free_scaled stage 2 epoch 90/90   1359 s
seed 1007 n50 prescribed_std stage 2 epoch  1/90      7 s
seed 1007 n50 prescribed_std stage 2 epoch  2/90     13 s
seed 1007 n50 prescribed_std stage 2 epoch  3/90     18 s
seed 1007 n50 prescribed_std stage 2 epoch  4/90     22 s
seed 1007 n50 prescribed_std stage 2 epoch  5/90     27 s
seed 1007 n50 prescribed_std stage 2 epoch  6/90     31 s
seed 1007 n50 prescribed_std stage 2 epoch  7/90     34 s
seed 1007 n50 prescribed_std stage 2 epoch  8/90     38 s
seed 1007 n50 prescribed_std stage 2 epoch  9/90     41 s
seed 1007 n50 prescribed_std stage 2 epoch 10/90     45 s
seed 1007 n50 prescribed_std stage 2 epoch 11/90     48 s
seed 1007 n50 prescribed_std stage 2 epoch 12/90     51 s
seed 1007 n50 prescribed_std stage 2 epoch 13/90     55 s
seed 1007 n50 prescribed_std stage 2 epoch 14/90     59 s
seed 1007 n50 prescribed_std stage 2 epoch 15/90     62 s
seed 1007 n50 prescribed_std stage 2 epoch 16/90     66 s
seed 1007 n50 prescribed_std stage 2 epoch 17/90     70 s
seed 1007 n50 prescribed_std stage 2 epoch 18/90     74 s
seed 1007 n50 prescribed_std stage 2 epoch 19/90     78 s
seed 1007 n50 prescribed_std stage 2 epoch 20/90     81 s
seed 1007 n50 prescribed_std stage 2 epoch 21/90     84 s
seed 1007 n50 prescribed_std stage 2 epoch 22/90     88 s
seed 1007 n50 prescribed_std stage 2 epoch 23/90     92 s
seed 1007 n50 prescribed_std stage 2 epoch 24/90     95 s
seed 1007 n50 prescribed_std stage 2 epoch 25/90     99 s
seed 1007 n50 prescribed_std stage 2 epoch 26/90    102 s
seed 1007 n50 prescribed_std stage 2 epoch 27/90    105 s
seed 1007 n50 prescribed_std stage 2 epoch 28/90    109 s
seed 1007 n50 prescribed_std stage 2 epoch 29/90    112 s
seed 1007 n50 prescribed_std stage 2 epoch 30/90    115 s
seed 1007 n50 prescribed_std stage 2 epoch 31/90    119 s
seed 1007 n50 prescribed_std stage 2 epoch 32/90    122 s
seed 1007 n50 prescribed_std stage 2 epoch 33/90    126 s
seed 1007 n50 prescribed_std stage 2 epoch 34/90    130 s
seed 1007 n50 prescribed_std stage 2 epoch 35/90    133 s
seed 1007 n50 prescribed_std stage 2 epoch 36/90    137 s
seed 1007 n50 prescribed_std stage 2 epoch 37/90    141 s
seed 1007 n50 prescribed_std stage 2 epoch 38/90    145 s
seed 1007 n50 prescribed_std stage 2 epoch 39/90    150 s
seed 1007 n50 prescribed_std stage 2 epoch 40/90    153 s
seed 1007 n50 prescribed_std stage 2 epoch 41/90    157 s
seed 1007 n50 prescribed_std stage 2 epoch 42/90    162 s
seed 1007 n50 prescribed_std stage 2 epoch 43/90    165 s
seed 1007 n50 prescribed_std stage 2 epoch 44/90    169 s
seed 1007 n50 prescribed_std stage 2 epoch 45/90    173 s
seed 1007 n50 prescribed_std stage 2 epoch 46/90    178 s
seed 1007 n50 prescribed_std stage 2 epoch 47/90    181 s
seed 1007 n50 prescribed_std stage 2 epoch 48/90    185 s
seed 1007 n50 prescribed_std stage 2 epoch 49/90    188 s
seed 1007 n50 prescribed_std stage 2 epoch 50/90    192 s
seed 1007 n50 prescribed_std stage 2 epoch 51/90    195 s
seed 1007 n50 prescribed_std stage 2 epoch 52/90    199 s
seed 1007 n50 prescribed_std stage 2 epoch 53/90    202 s
seed 1007 n50 prescribed_std stage 2 epoch 54/90    205 s
seed 1007 n50 prescribed_std stage 2 epoch 55/90    209 s
seed 1007 n50 prescribed_std stage 2 epoch 56/90    213 s
seed 1007 n50 prescribed_std stage 2 epoch 57/90    217 s
seed 1007 n50 prescribed_std stage 2 epoch 58/90    221 s
seed 1007 n50 prescribed_std stage 2 epoch 59/90    224 s
seed 1007 n50 prescribed_std stage 2 epoch 60/90    228 s
seed 1007 n50 prescribed_std stage 2 epoch 61/90    231 s
seed 1007 n50 prescribed_std stage 2 epoch 62/90    234 s
seed 1007 n50 prescribed_std stage 2 epoch 63/90    238 s
seed 1007 n50 prescribed_std stage 2 epoch 64/90    241 s
seed 1007 n50 prescribed_std stage 2 epoch 65/90    245 s
seed 1007 n50 prescribed_std stage 2 epoch 66/90    248 s
seed 1007 n50 prescribed_std stage 2 epoch 67/90    252 s
seed 1007 n50 prescribed_std stage 2 epoch 68/90    255 s
seed 1007 n50 prescribed_std stage 2 epoch 69/90    259 s
seed 1007 n50 prescribed_std stage 2 epoch 70/90    262 s
seed 1007 n50 prescribed_std stage 2 epoch 71/90    265 s
seed 1007 n50 prescribed_std stage 2 epoch 72/90    269 s
seed 1007 n50 prescribed_std stage 2 epoch 73/90    272 s
seed 1007 n50 prescribed_std stage 2 epoch 74/90    276 s
seed 1007 n50 prescribed_std stage 2 epoch 75/90    279 s
seed 1007 n50 prescribed_std stage 2 epoch 76/90    282 s
seed 1007 n50 prescribed_std stage 2 epoch 77/90    286 s
seed 1007 n50 prescribed_std stage 2 epoch 78/90    289 s
seed 1007 n50 prescribed_std stage 2 epoch 79/90    293 s
seed 1007 n50 prescribed_std stage 2 epoch 80/90    296 s
seed 1007 n50 prescribed_std stage 2 epoch 81/90    299 s
seed 1007 n50 prescribed_std stage 2 epoch 82/90    303 s
seed 1007 n50 prescribed_std stage 2 epoch 83/90    306 s
seed 1007 n50 prescribed_std stage 2 epoch 84/90    309 s
seed 1007 n50 prescribed_std stage 2 epoch 85/90    313 s
seed 1007 n50 prescribed_std stage 2 epoch 86/90    316 s
seed 1007 n50 prescribed_std stage 2 epoch 87/90    320 s
seed 1007 n50 prescribed_std stage 2 epoch 88/90    323 s
seed 1007 n50 prescribed_std stage 2 epoch 89/90    326 s
seed 1007 n50 prescribed_std stage 2 epoch 90/90    330 s
seed 1007 n200 prescribed_std stage 2 epoch  1/90     14 s
seed 1007 n200 prescribed_std stage 2 epoch  2/90     28 s
seed 1007 n200 prescribed_std stage 2 epoch  3/90     41 s
seed 1007 n200 prescribed_std stage 2 epoch  4/90     55 s
seed 1007 n200 prescribed_std stage 2 epoch  5/90     68 s
seed 1007 n200 prescribed_std stage 2 epoch  6/90     82 s
seed 1007 n200 prescribed_std stage 2 epoch  7/90     95 s
seed 1007 n200 prescribed_std stage 2 epoch  8/90    109 s
seed 1007 n200 prescribed_std stage 2 epoch  9/90    122 s
seed 1007 n200 prescribed_std stage 2 epoch 10/90    136 s
seed 1007 n200 prescribed_std stage 2 epoch 11/90    149 s
seed 1007 n200 prescribed_std stage 2 epoch 12/90    163 s
seed 1007 n200 prescribed_std stage 2 epoch 13/90    176 s
seed 1007 n200 prescribed_std stage 2 epoch 14/90    190 s
seed 1007 n200 prescribed_std stage 2 epoch 15/90    203 s
seed 1007 n200 prescribed_std stage 2 epoch 16/90    217 s
seed 1007 n200 prescribed_std stage 2 epoch 17/90    230 s
seed 1007 n200 prescribed_std stage 2 epoch 18/90    244 s
seed 1007 n200 prescribed_std stage 2 epoch 19/90    258 s
seed 1007 n200 prescribed_std stage 2 epoch 20/90    271 s
seed 1007 n200 prescribed_std stage 2 epoch 21/90    285 s
seed 1007 n200 prescribed_std stage 2 epoch 22/90    298 s
seed 1007 n200 prescribed_std stage 2 epoch 23/90    312 s
seed 1007 n200 prescribed_std stage 2 epoch 24/90    326 s
seed 1007 n200 prescribed_std stage 2 epoch 25/90    339 s
seed 1007 n200 prescribed_std stage 2 epoch 26/90    353 s
seed 1007 n200 prescribed_std stage 2 epoch 27/90    366 s
seed 1007 n200 prescribed_std stage 2 epoch 28/90    380 s
seed 1007 n200 prescribed_std stage 2 epoch 29/90    393 s
seed 1007 n200 prescribed_std stage 2 epoch 30/90    407 s
seed 1007 n200 prescribed_std stage 2 epoch 31/90    420 s
seed 1007 n200 prescribed_std stage 2 epoch 32/90    434 s
seed 1007 n200 prescribed_std stage 2 epoch 33/90    447 s
seed 1007 n200 prescribed_std stage 2 epoch 34/90    463 s
seed 1007 n200 prescribed_std stage 2 epoch 35/90    477 s
seed 1007 n200 prescribed_std stage 2 epoch 36/90    491 s
seed 1007 n200 prescribed_std stage 2 epoch 37/90    507 s
seed 1007 n200 prescribed_std stage 2 epoch 38/90    522 s
seed 1007 n200 prescribed_std stage 2 epoch 39/90    539 s
seed 1007 n200 prescribed_std stage 2 epoch 40/90    555 s
seed 1007 n200 prescribed_std stage 2 epoch 41/90    578 s
seed 1007 n200 prescribed_std stage 2 epoch 42/90    597 s
seed 1007 n200 prescribed_std stage 2 epoch 43/90    613 s
seed 1007 n200 prescribed_std stage 2 epoch 44/90    628 s
seed 1007 n200 prescribed_std stage 2 epoch 45/90    646 s
seed 1007 n200 prescribed_std stage 2 epoch 46/90    662 s
seed 1007 n200 prescribed_std stage 2 epoch 47/90    677 s
seed 1007 n200 prescribed_std stage 2 epoch 48/90    692 s
seed 1007 n200 prescribed_std stage 2 epoch 49/90    709 s
seed 1007 n200 prescribed_std stage 2 epoch 50/90    729 s
seed 1007 n200 prescribed_std stage 2 epoch 51/90    747 s
seed 1007 n200 prescribed_std stage 2 epoch 52/90    762 s
seed 1007 n200 prescribed_std stage 2 epoch 53/90    777 s
seed 1007 n200 prescribed_std stage 2 epoch 54/90    793 s
seed 1007 n200 prescribed_std stage 2 epoch 55/90    809 s
seed 1007 n200 prescribed_std stage 2 epoch 56/90    823 s
seed 1007 n200 prescribed_std stage 2 epoch 57/90    837 s
seed 1007 n200 prescribed_std stage 2 epoch 58/90    857 s
seed 1007 n200 prescribed_std stage 2 epoch 59/90    885 s
seed 1007 n200 prescribed_std stage 2 epoch 60/90    907 s
seed 1007 n200 prescribed_std stage 2 epoch 61/90    927 s
seed 1007 n200 prescribed_std stage 2 epoch 62/90    942 s
seed 1007 n200 prescribed_std stage 2 epoch 63/90    961 s
seed 1007 n200 prescribed_std stage 2 epoch 64/90    978 s
seed 1007 n200 prescribed_std stage 2 epoch 65/90    992 s
seed 1007 n200 prescribed_std stage 2 epoch 66/90   1005 s
seed 1007 n200 prescribed_std stage 2 epoch 67/90   1026 s
seed 1007 n200 prescribed_std stage 2 epoch 68/90   1051 s
seed 1007 n200 prescribed_std stage 2 epoch 69/90   1075 s
seed 1007 n200 prescribed_std stage 2 epoch 70/90   1100 s
seed 1007 n200 prescribed_std stage 2 epoch 71/90   1139 s
seed 1007 n200 prescribed_std stage 2 epoch 72/90   1185 s
seed 1007 n200 prescribed_std stage 2 epoch 73/90   1212 s
seed 1007 n200 prescribed_std stage 2 epoch 74/90   1241 s
seed 1007 n200 prescribed_std stage 2 epoch 75/90   1271 s
seed 1007 n200 prescribed_std stage 2 epoch 76/90   1297 s
seed 1007 n200 prescribed_std stage 2 epoch 77/90   1319 s
seed 1007 n200 prescribed_std stage 2 epoch 78/90   1344 s
seed 1007 n200 prescribed_std stage 2 epoch 79/90   1372 s
seed 1007 n200 prescribed_std stage 2 epoch 80/90   1400 s
seed 1007 n200 prescribed_std stage 2 epoch 81/90   1425 s
seed 1007 n200 prescribed_std stage 2 epoch 82/90   1448 s
seed 1007 n200 prescribed_std stage 2 epoch 83/90   1474 s
seed 1007 n200 prescribed_std stage 2 epoch 84/90   1498 s
seed 1007 n200 prescribed_std stage 2 epoch 85/90   1523 s
seed 1007 n200 prescribed_std stage 2 epoch 86/90   1546 s
seed 1007 n200 prescribed_std stage 2 epoch 87/90   1567 s
seed 1007 n200 prescribed_std stage 2 epoch 88/90   1585 s
seed 1007 n200 prescribed_std stage 2 epoch 89/90   1613 s
seed 1007 n200 prescribed_std stage 2 epoch 90/90   1645 s
seed 1007: written
